job_id,job_title,skills,experience_level,education_level,label
3e0137a4,Middle Data Engineer (Lakehouse / Big Data),"python, sql, postgresql",От 3 до 6 лет,Высшее образование,Data Engineer
d6acb4e1,Data analyst (Senior),sql,От 3 до 6 лет,Высшее образование,Data Analyst
c233d76f,Senior Data Software Engineer (Big Data Engineer),"python, java, sql, kafka, ml",Более 6 лет,Студент,Data Engineer
b2d95516,ML-инженер,"python, sql, ml, data science, pandas, numpy",От 1 года до 3 лет,Высшее образование,Data Scientist
60589d55,ML-инженер/Data Scientist,"python, sql, machine learning, ml, pandas, numpy, scikit-learn",От 1 года до 3 лет,Высшее образование,Data Scientist
7cc7dac3,Data Analyst (Junior) в Департамент кредитных рисков,"python, sql, pandas",От 3 до 6 лет,Студент,Data Analyst
cf8d07bf,Data Engineer (Analytics),"python, sql, postgresql, mysql, pandas, numpy",Более 6 лет,Высшее образование,Data Engineer
60198424,Data Analyst (Аналитик данных),"python, sql, ml",От 1 года до 3 лет,Среднее образование,Data Analyst
3e97dd57,Аналитик данных,"python, sql, pandas, numpy",Более 6 лет,Среднее образование,Data Analyst
e8644477,Backend-разработчик,"golang, sql, postgresql, mysql, kafka, rabbitmq, docker, kubernetes, ci/cd",От 1 года до 3 лет,Среднее образование,Backend Developer
a702189c,Middle Machine Learning Engineer – Financial Applications,"python, machine learning, data science, scikit-learn, pytorch",От 3 до 6 лет,Высшее образование,Data Scientist
beaf3a7d,Аналитик данных / Marketing Data Analyst — международная онлайн-школа K-12,"python, sql",От 1 года до 3 лет,Студент,Data Analyst
730dca9f,Data Analyst,"python, sql, ci/cd, git, ml",Без опыта,Высшее образование,Data Analyst
c34037d2,Data Scientist,"python, ml, data science, pandas, numpy, scikit-learn, pytorch, tensorflow",Без опыта,Среднее образование,Data Scientist
dff76532,DevOps Engineer,"python, php, mysql, docker, ci/cd, linux, bash, ansible",Более 6 лет,Среднее образование,DevOps Engineer
f388b49f,Middle Data Scientist,"python, sql, machine learning, ml",От 1 года до 3 лет,Высшее образование,Data Scientist
9c2c3ff3,"Senior Data Scientist, Отдел развития и внедрения AI","python, sql, postgresql, git, machine learning, ml, data science, pandas, numpy, scikit-learn",Более 6 лет,Высшее образование,Data Scientist
3eb83e37,Middle Data Scientist (Отдел развития и внедрения AI),"python, sql, postgresql, git, ml, data science, pandas, numpy, scikit-learn",От 1 года до 3 лет,Студент,Data Scientist
d24a245f,Lead Data Scientist,"python, sql, ml, data science, pandas, numpy, scikit-learn",Более 6 лет,Высшее образование,Data Scientist
2dc5e83e,Senior Data Scientist,"python, sql, ci/cd",От 1 года до 3 лет,Высшее образование,Data Scientist
f8f3ad38,Data Scientist,"python, java, golang, sql, postgresql, linux, ml, data science, pandas, numpy, scikit-learn, pytorch",Более 6 лет,Среднее образование,Data Scientist
3dbe38a1,Data Scientist,"python, sql, docker, machine learning, data science, pandas, numpy, scikit-learn, pytorch, tensorflow",От 3 до 6 лет,Студент,Data Scientist
40670840,Data Scientist,"python, fastapi, sql, docker, git, ml, data science, pandas, numpy, scikit-learn, pytorch, tensorflow",От 1 года до 3 лет,Высшее образование,Data Scientist
f055f73b,1. QA Automation Engineer (Banking / Mobile / API),"python, java, sql, ci/cd, git",Более 6 лет,Высшее образование,QA Engineer
5e238a4c,Full Stack Test Engineer Trainee,sql,От 1 года до 3 лет,Высшее образование,Full Stack Developer
90528787,QA Engineer,"sql, postgresql",От 1 года до 3 лет,Высшее образование,QA Engineer
fb43a24e,QA engineer (Middle/Team Lead),"python, javascript, sql, docker, ci/cd, git",Без опыта,Высшее образование,QA Engineer
3e3dc997,QA Engineer (SaaS / EdTech),ci/cd,Без опыта,Студент,QA Engineer
4d0bbdd1,Automation QA Senior Engineer,"java, ci/cd",От 1 года до 3 лет,Среднее образование,QA Engineer
dae32a54,QA Engineer (gamedev),"git, linux",Без опыта,Среднее образование,QA Engineer
abe748ce,AQA Python engineer,"python, postgresql, mongodb, kafka, ci/cd, git",Без опыта,Высшее образование,QA Engineer
420d9877,QA инженер (Middle),"sql, postgresql, git",От 1 года до 3 лет,Студент,QA Engineer
6621d75c,Middle QA Engineer,"python, java, javascript, mongodb, ci/cd, cypress",От 1 года до 3 лет,Студент,QA Engineer
fbb1ecf6,Senior Java-разработчик,java,Без опыта,Высшее образование,Backend Developer
0b040d24,Главный риск-менеджер (QA / тестирование решений),"python, sql, postgresql, docker, ci/cd",Без опыта,Высшее образование,QA Engineer
f5af0549,Тестировщик (манульное),"sql, postgresql, ci/cd, ui/ux, cypress",Без опыта,Высшее образование,QA Engineer
85f5b47e,QA Engineer (Middle+),"kubernetes, ci/cd, cypress",От 3 до 6 лет,Студент,QA Engineer
301a65b8,"Fullstack-разработчик (PostgreSQL, Java , Vue.js)","java, javascript, typescript, vue, spring, postgresql, css, sass",Более 6 лет,Высшее образование,Frontend Developer
6a8712f8,QA Engineer in Almaty,sql,От 1 года до 3 лет,Среднее образование,QA Engineer
9237990d,QA AI specialist,"python, sql, docker, git, ml",От 3 до 6 лет,Высшее образование,QA Engineer
12ab7aae,Automation QA Middle Engineer,"python, javascript, sql, ci/cd",От 3 до 6 лет,Высшее образование,QA Engineer
b1e50ec9,Тестировщик Colvir,"sql, postgresql",От 1 года до 3 лет,Высшее образование,QA Engineer
7a784889,QA Automation Engineer (JavaScript),"javascript, cypress, jest",От 1 года до 3 лет,Высшее образование,QA Engineer
77b228f6,Manual QA Engineer,"sql, git",От 1 года до 3 лет,Высшее образование,QA Engineer
5e470ff0,Инженер-тестировщик (QA engineer),linux,От 3 до 6 лет,Высшее образование,QA Engineer
f62569ff,Тестировщик (middle/middle+) в интернет-магазин,"python, docker, ci/cd, git, figma",От 1 года до 3 лет,Студент,QA Engineer
3585eb57,Full Stack Test Engineer Trainee,sql,Без опыта,Высшее образование,Full Stack Developer
4d216f66,QA тестировщик,"sql, cypress",От 3 до 6 лет,Высшее образование,QA Engineer
f45be19e,Backend Tech Lead,"python, php, mysql, docker, ci/cd, git, bash",Без опыта,Среднее образование,Backend Developer
5fb6ca21,Программист-тестировщик (QA Engineer),"python, java, javascript",Без опыта,Студент,QA Engineer
7c26411e,QA Automation Engineer (Kotlin\Java),"java, ci/cd, git",Без опыта,Студент,QA Engineer
bac31637,QA-инженер,"sql, ci/cd, cypress",От 1 года до 3 лет,Высшее образование,QA Engineer
5973bb00,Manual QA инженер (Офис),"java, javascript, sql, html, css",Без опыта,Среднее образование,QA Engineer
709f7040,QA engineer,"python, kafka, docker, linux",От 3 до 6 лет,Высшее образование,QA Engineer
ec7e5605,QA инженер,"sql, git",От 1 года до 3 лет,Высшее образование,QA Engineer
af86071d,QA Automation Engineer в офис Алматы,"javascript, ci/cd, git, linux",От 3 до 6 лет,Высшее образование,QA Engineer
b5870ee5,QA тестировщик (Autotesting),sql,От 3 до 6 лет,Высшее образование,QA Engineer
88ce308a,.NET Developer (C#),".net, sql, postgresql, redis, kafka, rabbitmq, kubernetes, ci/cd",От 1 года до 3 лет,Высшее образование,Backend Developer
67d6e676,Тестировщик Управления тестирования и контроля качества Департамент корпоративной архитектуры,"python, java, javascript, sql, html, css",От 1 года до 3 лет,Среднее образование,QA Engineer
40525829,Senior QA Test Automation Engineer,"java, sql, ci/cd",От 3 до 6 лет,Студент,QA Engineer
af34056c,Middle QA Engineer,"sql, docker, ci/cd, git, linux, figma",От 1 года до 3 лет,Студент,QA Engineer
d9146d0f,Manual QA Engineer (Junior),git,От 1 года до 3 лет,Студент,QA Engineer
62dc2abd,QA-инженер,"sql, postgresql",Более 6 лет,Высшее образование,QA Engineer
2cb6ca12,Senior Performance QA Engineer,"java, ci/cd",От 3 до 6 лет,Студент,QA Engineer
af218bc6,Android Developer,"ci/cd, git",От 1 года до 3 лет,Среднее образование,Mobile Developer
5dc53de5,QA Engineer,"python, java, javascript",От 1 года до 3 лет,Среднее образование,QA Engineer
68b82060,Middle QA Engineer,"python, sql, postgresql, ci/cd",От 1 года до 3 лет,Высшее образование,QA Engineer
0f4dd32e,Manual QA инженер (Middle),"sql, kafka, ci/cd",Без опыта,Студент,QA Engineer
b88b3c46,QA Engineer,angular,От 1 года до 3 лет,Среднее образование,QA Engineer
70d065c5,QA Automation Engineer (Mobile),"javascript, sql, git",От 1 года до 3 лет,Среднее образование,QA Engineer
4325eb7f,QA Engineer Junior (Mobile),mysql,Без опыта,Высшее образование,QA Engineer
25b0dec1,Тестировщик Colvir,sql,Более 6 лет,Среднее образование,QA Engineer
bbd59e3c,QA engineer,"ci/cd, ml",От 1 года до 3 лет,Среднее образование,QA Engineer
f09c7bf4,"QA Engineer (onsite, Almaty)","sql, ci/cd",Более 6 лет,Высшее образование,QA Engineer
a71dfebd,QA-инженер / Тестировщик мобильных приложений,figma,Более 6 лет,Высшее образование,QA Engineer
74a78384,QA Engineer,"java, ci/cd, git",От 1 года до 3 лет,Студент,QA Engineer
3dc386fc,QA инженер Middle/Middle+,"python, sql, postgresql, ci/cd",От 3 до 6 лет,Среднее образование,QA Engineer
921919e1,Full-stack разработчик (Middle),"python, fastapi, django, git",От 3 до 6 лет,Высшее образование,Full Stack Developer
0c4f381d,QA manual/Ручной тестировщик Алматы (офис),"sql, mysql, linux",От 1 года до 3 лет,Высшее образование,QA Engineer
848d36e5,Support & QA Engineer,sql,От 1 года до 3 лет,Студент,QA Engineer
0d9f7d56,Видеограф / Motion-дизайнер (Full-stack контент-мейкер),figma,Более 6 лет,Высшее образование,Full Stack Developer
0c6bc8a5,UI/UX Designer (Fintech / Crypto / Web + Mobile),"figma, ui/ux",Более 6 лет,Высшее образование,Mobile Developer
d47b7d83,Frontend-разработчик,"javascript, typescript, angular, git, html, css, figma",От 1 года до 3 лет,Высшее образование,Frontend Developer
5720304d,General/Full-Stack QA - specialist,"javascript, docker, ci/cd, figma",От 1 года до 3 лет,Среднее образование,Full Stack Developer
aef52dd4,Senior Full Stack Developer / Product Engineer,"python, javascript, typescript, php, react, vue, postgresql, mysql",Без опыта,Студент,Full Stack Developer
7a492b53,Data Analyst / Product Owner,"python, sql",От 1 года до 3 лет,Студент,Data Analyst
25b59846,Senior Machine Learning Engineer,"python, fastapi, sql, postgresql, redis, docker, kubernetes, ci/cd, git, ml, data science",От 1 года до 3 лет,Среднее образование,Data Scientist
0ea6b12d,Data engineer (Middle),"python, sql, postgresql, redis, kafka, docker, git, linux, ml",Более 6 лет,Студент,Data Engineer
d55e21a7,Middle/Senior NLP Engineer,"python, sql, docker, kubernetes, ml, pandas, numpy, pytorch",Без опыта,Среднее образование,Data Scientist
51677200,ML Engineer (NLP / RAG),"python, fastapi, ml",Более 6 лет,Студент,Data Scientist
c0ec76e7,Начальник отдела аналитики (DWH),"python, sql, ml, data science",Без опыта,Высшее образование,Data Engineer
eaf64457,Senior Data Engineer (Greenplum),"sql, kafka, ml",От 3 до 6 лет,Высшее образование,Data Engineer
06a92636,Full-Stack Developer (Python / TypeScript),"python, typescript, react, fastapi, sql, postgresql, redis, kafka, docker, kubernetes, ci/cd, ml, tailwind",От 1 года до 3 лет,Среднее образование,Full Stack Developer
281e8a6a,Middle ML engineer,"python, fastapi, postgresql, redis, kafka, docker, ml, pytorch",Без опыта,Высшее образование,Data Scientist
aea0a3d7,"ML-инженер (рекомендательные системы, ALS/ANN)","python, fastapi, sql, redis, kafka",От 3 до 6 лет,Студент,Data Scientist
aa1e3f45,"NLP Engineer (ML-Engineer) в проект ""Чат-бот""","ci/cd, ml",От 3 до 6 лет,Студент,Data Scientist
e4a62b0e,Middle / Senior NLP Engineer,"sql, docker, kubernetes, ml",От 1 года до 3 лет,Студент,Data Scientist
dc7d0a1f,Computer Vision/ML Engineer для запуска проекта (реал-тайм видеоанализ),"python, postgresql, docker, pytorch, tensorflow",От 1 года до 3 лет,Высшее образование,Data Scientist
e2a0f9f1,MLOps/DevOps Specialist,"python, docker, kubernetes, ci/cd, linux, bash, ansible, terraform, ml",От 1 года до 3 лет,Высшее образование,Data Scientist
37e60b3c,Data Engineer,"python, sql, postgresql, ml, pandas",Более 6 лет,Студент,Data Engineer
19e75054,Senior ML Engineer (LLM / RAG),"python, fastapi, sql, elasticsearch, docker, ci/cd, ml",Более 6 лет,Высшее образование,Data Scientist
401ab008,Middle Data Engineer (Отдел развития и внедрения AI),"python, sql, postgresql, kafka, ml, data science, pandas",От 3 до 6 лет,Высшее образование,Data Engineer
f76210e1,Senior AI / ML Engineer (Applied AI Systems Lead),"python, fastapi, sql, docker, kubernetes, ml, pandas",От 3 до 6 лет,Студент,Data Scientist
23176e61,ML Engineer / CV Engineer,"python, pytorch, tensorflow",От 1 года до 3 лет,Среднее образование,Data Scientist
3e64e3cd,Senior/Middle DevOps инженер,"python, kafka, docker, kubernetes, ci/cd, linux, bash, ansible, terraform, ml",От 1 года до 3 лет,Среднее образование,DevOps Engineer
5ca132d2,C++ Разработчик робототехники (Unitree / ROS2),"python, c++, docker, git, linux, ml",Без опыта,Студент,Backend Developer
a7c66f34,Senior Data Engineer,"sql, ml",Более 6 лет,Студент,Data Engineer
11719df6,DevOps Engineer,"docker, kubernetes, ci/cd, linux, ansible, terraform",Более 6 лет,Студент,DevOps Engineer
02773b6d,Support / DevOps Engineer,"python, javascript, typescript, react, express, sql, postgresql, docker, git, linux, bash",От 1 года до 3 лет,Высшее образование,DevOps Engineer
0fcf4140,DevOps Trainee,"ci/cd, linux",Более 6 лет,Студент,DevOps Engineer
19cce84e,Senior DevOps инженер,"kubernetes, ci/cd, terraform",Без опыта,Среднее образование,DevOps Engineer
f3f61538,Team Lead DevOps engineer,"redis, ci/cd, linux, bash, ansible",Без опыта,Высшее образование,DevOps Engineer
790d20d4,Team Lead DevOps / Infrastructure Engineer,"postgresql, rabbitmq, docker, kubernetes, ci/cd, linux",Без опыта,Студент,DevOps Engineer
992a9b50,DevOps-разработчик,"python, docker, kubernetes, ci/cd, linux, bash, ansible, terraform",Более 6 лет,Среднее образование,DevOps Engineer
bdc8912c,DevOps Engineer/L2,"mysql, mongodb, redis, kafka, rabbitmq, kubernetes, ci/cd, linux",Без опыта,Студент,DevOps Engineer
fe4de51b,DevOps Engineer,"docker, ci/cd, linux",От 1 года до 3 лет,Высшее образование,DevOps Engineer
3526e076,Стажер Support Engineer/ DevOps (IoT/Linux),"docker, linux, bash",Без опыта,Высшее образование,DevOps Engineer
1a23908f,DevOps Engineer,"python, sql, docker, kubernetes, ci/cd, bash, ansible, terraform",От 1 года до 3 лет,Среднее образование,DevOps Engineer
b74ff6c0,DevOps инженер (Команда анализа данных),"python, sql, kubernetes, ci/cd, bash",От 1 года до 3 лет,Высшее образование,DevOps Engineer
3347774b,DevOps - инженер,"python, java, go, postgresql, docker, kubernetes, ci/cd, linux, bash",Более 6 лет,Среднее образование,DevOps Engineer
90304fe0,Middle Data Engineer,"python, fastapi, sql, postgresql, docker, ci/cd, git, pandas",От 1 года до 3 лет,Высшее образование,Data Engineer
30660a94,DevOps / SysAdmin,"postgresql, docker, k8s, ci/cd, linux, bash, ansible, terraform",От 1 года до 3 лет,Высшее образование,DevOps Engineer
f17492b8,DevOps-инженер,"python, docker, kubernetes, ci/cd, git, linux, bash, ansible, terraform",От 1 года до 3 лет,Среднее образование,DevOps Engineer
6a528234,Senior DevOps Engineer,"python, go, docker, kubernetes, ci/cd, git, linux, bash, ansible, terraform",Без опыта,Высшее образование,DevOps Engineer
0454a2e7,DevOps-инженер,"python, docker, kubernetes, ci/cd, git, linux, bash, ansible, terraform",Более 6 лет,Среднее образование,DevOps Engineer
184988ad,DevOps Engineer,"postgresql, mongodb, kafka, docker, kubernetes, linux, ansible, terraform",От 1 года до 3 лет,Среднее образование,DevOps Engineer
b16b3a32,Software Engineer in DevOps \ Инженер-программист в области DevOps,"python, go, docker, kubernetes, git, linux, ansible, terraform",Без опыта,Среднее образование,DevOps Engineer
8bb77ea0,Senior DevOps инженер / Направление моделирования и внутренней валидации,"postgresql, docker, kubernetes, k8s, ci/cd, ml, data science",Без опыта,Высшее образование,DevOps Engineer
a0c333b8,Старший DevOps инженер,"docker, kubernetes, ci/cd, linux",От 1 года до 3 лет,Среднее образование,DevOps Engineer
ecfef469,Senior DevOps engineer,"kubernetes, ci/cd, linux",Более 6 лет,Высшее образование,DevOps Engineer
7c231af4,Senior DevOps-инженер,ci/cd,Без опыта,Студент,DevOps Engineer
06090a11,DevOps-инженер,"javascript, php, docker, kubernetes, ci/cd, git, linux",От 3 до 6 лет,Среднее образование,DevOps Engineer
90e62687,Middle DevOps Engineer,"docker, ci/cd, git, linux, ansible, terraform",От 3 до 6 лет,Высшее образование,DevOps Engineer
a3d54529,DevOps инженер (Middle / Senior),"sql, postgresql, redis, rabbitmq, docker, kubernetes, ci/cd, linux, ansible",От 3 до 6 лет,Студент,DevOps Engineer
1ae55bd2,Software Engineer in DevOps \ Инженер-программист в области DevOps,"python, go, docker, kubernetes, git, linux, ansible, terraform",Без опыта,Высшее образование,DevOps Engineer
cb16511b,DevOps-инженер в команду базовой инфраструктуры,"python, go, postgresql, redis, kafka, rabbitmq, docker, kubernetes, k8s, ci/cd, git, bash, ansible, terraform",От 3 до 6 лет,Среднее образование,DevOps Engineer
54b2266d,DevOps-инженер,"python, mysql, docker, ci/cd, linux, bash, ansible, terraform",Без опыта,Высшее образование,DevOps Engineer
4f45f152,Инженер по автоматизации (DevOps),"sql, postgresql, mongodb, redis, kubernetes, ci/cd, git, linux, bash, ansible",Более 6 лет,Высшее образование,DevOps Engineer
34c473ce,Senior DevOps Engineer,"python, go, docker, kubernetes, ci/cd, git, linux, bash, ansible, terraform",Без опыта,Студент,DevOps Engineer
b7d15e0f,Middle React Native Developer,"javascript, typescript, react, ci/cd",От 3 до 6 лет,Высшее образование,Frontend Developer
15bea603,DevOps-инженер,"postgresql, docker, kubernetes, linux, bash",От 3 до 6 лет,Студент,DevOps Engineer
1193ebdc,Senior DevOps Engineer,"python, postgresql, mysql, redis, docker, kubernetes, ci/cd, linux, bash, ansible, terraform",От 3 до 6 лет,Среднее образование,DevOps Engineer
d7ba7fde,Senior Lead DevOps engineer,"python, postgresql, elasticsearch, kubernetes, k8s, linux, ansible",Без опыта,Среднее образование,DevOps Engineer
8851ecc3,DevOps Engineer,"python, golang, kubernetes, linux, bash, ansible, terraform",От 1 года до 3 лет,Среднее образование,DevOps Engineer
2af15e70,DevOps-инженер,"python, postgresql, mongodb, redis, docker, kubernetes, ci/cd, git, linux, bash, ansible, terraform",От 1 года до 3 лет,Студент,DevOps Engineer
70f57017,DevOps,"docker, kubernetes, ci/cd",Без опыта,Студент,DevOps Engineer
e1540cd7,Full-Stack Инженер,"javascript, typescript, react, express, sql, postgresql, mysql, docker, ci/cd, git",Более 6 лет,Среднее образование,Full Stack Developer
1a4dbca3,DevOps-инженер в Направление развития платформы и каналов коммуникаций,"python, go, kafka, rabbitmq, ci/cd, linux, bash",Более 6 лет,Высшее образование,DevOps Engineer
5a06b99d,DevOps Engineer,"python, postgresql, mysql, redis, docker, kubernetes, ci/cd, linux, bash, ansible, terraform",От 1 года до 3 лет,Высшее образование,DevOps Engineer
05c0482c,DevOps-инженер,"postgresql, mysql, mongodb, redis, kafka, rabbitmq, kubernetes, ci/cd, git, linux",Без опыта,Высшее образование,DevOps Engineer
322f1c29,DevOps-инженер,"python, go, postgresql, docker, kubernetes, ci/cd, linux, bash, ansible, terraform",От 1 года до 3 лет,Высшее образование,DevOps Engineer
0f032ced,Senior Python Backend Engineer,"python, fastapi, django, postgresql, redis, rabbitmq, docker, ci/cd, linux",От 3 до 6 лет,Высшее образование,Backend Developer
c17f9d43,Lead Backend Developer (Java/Angular),"java, angular, spring, sql, docker, kubernetes, ci/cd",От 1 года до 3 лет,Студент,Frontend Developer
953585a2,Junior DevOps Engineer (Azure),"python, javascript, typescript, php, sql, postgresql, mysql, mongodb, redis, docker, kubernetes, ci/cd, git, bash, ansible, terraform, html",От 3 до 6 лет,Студент,DevOps Engineer
3d1b3896,"Java Backend Engineer / Solution Architect (AI-first, Fintech)","java, sql",Более 6 лет,Студент,Backend Developer
dac8d87a,Mobile Developer (Flutter) + UI/UX (Senior),"ci/cd, ui/ux",От 3 до 6 лет,Высшее образование,Mobile Developer
6d2d62d7,Middle Android разработчик,"java, javascript, ci/cd",Более 6 лет,Среднее образование,Mobile Developer
1a842e54,Mobile Developer (React Native),"typescript, react",От 1 года до 3 лет,Высшее образование,Mobile Developer
430ad5e7,Middle Android разработчик,"ci/cd, git",От 3 до 6 лет,Среднее образование,Mobile Developer
7e34b7da,Lead C++ Software Engineer (Gameplay),"python, ci/cd",От 1 года до 3 лет,Среднее образование,Backend Developer
21ab310f,IOS/ANDROID Разработчик,ui/ux,От 1 года до 3 лет,Высшее образование,Mobile Developer
b7fc7112,Android Developer,"ci/cd, figma",От 1 года до 3 лет,Студент,Mobile Developer
e757e8dc,"Android-разработчик (Java), Алматы","java, git",Без опыта,Высшее образование,Mobile Developer
8672662f,Android-разработчик (Middle/Senior),"java, ci/cd, git",От 3 до 6 лет,Высшее образование,Mobile Developer
3ddd6ffe,Android Development Program Trainee,java,От 1 года до 3 лет,Высшее образование,Mobile Developer
92450980,Android Trainee,java,Без опыта,Высшее образование,Mobile Developer
926282d5,Full-Stack Engineer (JavaScript/PHP),"javascript, php, sql, ci/cd",От 1 года до 3 лет,Высшее образование,Full Stack Developer
2ec19fca,Middle Frontend Developer (React native),"javascript, typescript, react, express, postgresql, mongodb, redis, docker, git",Без опыта,Студент,Frontend Developer
10256067,Программист Mobile Developer,"javascript, react, ci/cd, git",От 3 до 6 лет,Высшее образование,Mobile Developer
9fd1b49e,Android-разработчик,"java, ci/cd, git",От 1 года до 3 лет,Среднее образование,Mobile Developer
771688e8,Android Trainee,"java, git",Без опыта,Высшее образование,Mobile Developer
838e4634,Senior Android-разработчик,"java, ci/cd, git",От 1 года до 3 лет,Высшее образование,Mobile Developer
a30c8c70,Flutter-разработчик (Mobile) / GeOnline,"ci/cd, git",Без опыта,Высшее образование,Mobile Developer
88a8a54d,Mobile Developer (Kotlin / Android),"ci/cd, git, figma, ui/ux",От 3 до 6 лет,Среднее образование,Mobile Developer
c073f75e,Android-разработчик во Freedom Business (middle/middle+),ci/cd,Без опыта,Студент,Mobile Developer
24bc21f2,Android Trainee,"java, git",Без опыта,Высшее образование,Mobile Developer
4885984e,React-native разработчик,"javascript, typescript, react, ci/cd",От 1 года до 3 лет,Студент,Frontend Developer
06e5c6e7,Mobile QA Engineer (Middle),"java, ci/cd",Более 6 лет,Высшее образование,QA Engineer
c4527c61,Senior React-разработчик,"javascript, typescript, react, css",Более 6 лет,Среднее образование,Frontend Developer
0ff55b27,React Native Senior Developer,"java, react, ci/cd, html, css, jest",Без опыта,Высшее образование,Frontend Developer
4a65fcf6,Senior Android-разработчик,ci/cd,Более 6 лет,Среднее образование,Mobile Developer
30a3ed87,Middle PHP Backend-разработчик Krisha.kz,"go, php, mysql, mongodb, redis, docker, kubernetes, ci/cd, git, linux",Более 6 лет,Высшее образование,Backend Developer
2ab81968,DevOps разработчик,"django, postgresql, redis, docker, git",От 3 до 6 лет,Студент,DevOps Engineer
0fecdee7,Старший Java-разработчик / Senior Java Spring Developer,"java, spring, sql, elasticsearch, kafka, rabbitmq, docker, kubernetes, ci/cd, ml, pytorch, tensorflow",От 1 года до 3 лет,Студент,Backend Developer
faed6096,PHP-разработчик (Middle/Senior),"php, postgresql, mysql, docker, ci/cd, git",Без опыта,Среднее образование,Backend Developer
355d7940,JavaScript Trainee,"javascript, react, git, html, css",От 3 до 6 лет,Высшее образование,Backend Developer
dd2b7273,Senior Java Backend Developer,"java, go, spring, postgresql, mongodb, redis, elasticsearch, kafka, docker, kubernetes, ci/cd, git",От 1 года до 3 лет,Высшее образование,Backend Developer
2d9d5ab2,Java разработчик (middle+\senior),"java, spring, postgresql, redis, elasticsearch, kafka, rabbitmq, git",От 1 года до 3 лет,Высшее образование,Backend Developer
e4a96152,"Администратор 1С ( серверы, базы данных)","postgresql, docker, git, linux, bash",От 1 года до 3 лет,Высшее образование,Backend Developer
f54b121c,Data Engineer / BI Engineer,"python, sql, postgresql, kafka, rabbitmq",От 1 года до 3 лет,Высшее образование,Data Engineer
9b7a9b8d,Backend-разработчик,"javascript, typescript, postgresql, redis, rabbitmq, git",От 3 до 6 лет,Высшее образование,Backend Developer
7374ddbd,Fullstack разработчик (Java/Kotlin + Angular),"java, typescript, react, angular, spring, postgresql, redis, docker, kubernetes",Без опыта,Высшее образование,Mobile Developer
c29c74d6,Junior Frontend Developer (Angular),"javascript, typescript, angular, git, css, sass, tailwind",От 3 до 6 лет,Студент,Frontend Developer
b815001f,SRE/Site Reliability Engineer,"python, java, sql, postgresql, mongodb, docker, kubernetes, git, linux",От 1 года до 3 лет,Высшее образование,DevOps Engineer
f7d0abda,Middle Backend Developer,"php, sql, postgresql, redis, rabbitmq, ci/cd",От 3 до 6 лет,Высшее образование,Backend Developer
92b2e262,"Backend Developer (Python, Django)","python, fastapi, django, sql, postgresql, mongodb, redis, rabbitmq, docker, kubernetes, ci/cd",От 1 года до 3 лет,Высшее образование,Backend Developer
0d0173c2,"Java Developer, Senior","java, spring, sql, postgresql, redis, docker, kubernetes, ci/cd",От 1 года до 3 лет,Среднее образование,Backend Developer
8ae03770,Senior/Flutter-разработчик,"fastapi, postgresql, redis, ci/cd",От 1 года до 3 лет,Студент,Mobile Developer
1cd6853f,Middle iOS разработчик,"ci/cd, git",От 3 до 6 лет,Студент,Mobile Developer
8c7b0050,Middle Backend Разработчик (C#),"javascript, react, sql, postgresql",От 3 до 6 лет,Студент,Backend Developer
5db69093,Senior Golang Developer (Adtech),"go, golang, sql, postgresql, mongodb, elasticsearch, rabbitmq, docker, kubernetes, ci/cd",Более 6 лет,Высшее образование,Backend Developer
8cf3a7d4,Junior Frontend Developer Angular,"angular, jest",От 3 до 6 лет,Среднее образование,Frontend Developer
d50483af,PHP-разработчик (Middle),"java, php, sql, git, linux",От 3 до 6 лет,Высшее образование,Backend Developer
a46ce0ba,Senior Python Developer,"python, fastapi, sql, docker, kubernetes, ci/cd",От 1 года до 3 лет,Студент,Backend Developer
f85c8171,Test Automation Engineer | SDET | Middle+ | Python,"python, kubernetes, ci/cd",Без опыта,Среднее образование,Backend Developer
ae6ac4cc,Middle Golang разработчик,"go, golang, sql, postgresql, docker, kubernetes, ci/cd, git, linux",От 3 до 6 лет,Среднее образование,Backend Developer
7746891a,Full-Stack Developer,"javascript, typescript, react",От 1 года до 3 лет,Высшее образование,Full Stack Developer
e20ed7e8,WEB-разработчик (PHP/Laravel),"php, sql, postgresql, mysql, docker, git",От 1 года до 3 лет,Студент,Backend Developer
16462036,Ведущий Frontend-разработчик,"java, javascript, typescript, react",Без опыта,Высшее образование,Frontend Developer
01df3f2f,Middle C# developer,".net, rabbitmq, git",Без опыта,Среднее образование,Backend Developer
1e6e719d,Backend-разработчик (Java),"java, spring, sql, kafka, rabbitmq, docker, kubernetes, ci/cd",Без опыта,Среднее образование,Backend Developer
e8fba5c8,Эксперт Angular developer,"javascript, typescript, angular, git, html, css, figma",От 1 года до 3 лет,Студент,Frontend Developer
7864e094,C#/. NET-разработчик,".net, angular, sql, postgresql, git",От 1 года до 3 лет,Высшее образование,Backend Developer
8dfddb96,QA Manual Trainee,sql,От 1 года до 3 лет,Высшее образование,QA Engineer
32019270,Frontend-разработчик,"javascript, typescript, react, docker, ci/cd, git, tailwind",От 3 до 6 лет,Высшее образование,Frontend Developer
db27665e,Senior Full-stack Developer,"javascript, typescript, go, react, sql, kafka, docker, kubernetes, ci/cd",Без опыта,Высшее образование,Full Stack Developer
a7efb556,C# Developer (Revit API / BIM Automation),"python, git",Более 6 лет,Высшее образование,Backend Developer
f4af2846,Frontend-разработчик (middle),"javascript, typescript, vue, css, sass",От 3 до 6 лет,Студент,Frontend Developer
244a6e80,Веб-разработчик PHP,"javascript, php, postgresql, mysql, redis, elasticsearch, docker, ci/cd, git, linux",Более 6 лет,Высшее образование,Backend Developer
6b9b7a1e,"Frontend middle программист/разработчик (Vue2,3)","javascript, vue, html, css",От 1 года до 3 лет,Среднее образование,Frontend Developer
b6cbad52,Эксперт data engineer,"sql, kafka",Без опыта,Высшее образование,Data Engineer
a9049863,Middle PHP / Laravel разработчик,"php, mysql, redis, docker, git, linux",От 1 года до 3 лет,Высшее образование,Backend Developer
41849bd2,Backend Developer (Senior),"php, postgresql, mysql, redis",От 3 до 6 лет,Среднее образование,Backend Developer
e88a90d0,Backend Developer (Kotlin) in Kazakhstan,"java, spring, sql, postgresql, redis, kafka, docker, kubernetes, ci/cd, git",Без опыта,Высшее образование,Mobile Developer
d3529a4c,Senior Backend Developer (Go),"javascript, go, mysql, mongodb, kubernetes",От 3 до 6 лет,Высшее образование,Backend Developer
f0983527,Frontend-разработчик Angular,"javascript, angular",Более 6 лет,Высшее образование,Frontend Developer
c6275113,Middle Backend Developer (NodeJS),"javascript, express, postgresql, mongodb, redis, docker",От 3 до 6 лет,Среднее образование,Backend Developer
df090971,Senior Backend Разработчик (Go + PHP),"go, php, sql, postgresql, redis, kafka, rabbitmq",От 1 года до 3 лет,Высшее образование,Backend Developer
4350e83d,Backend-разработчик,"php, sql, redis, docker, ci/cd, git",От 1 года до 3 лет,Высшее образование,Backend Developer
eaf8fa59,PHP Trainee,php,От 1 года до 3 лет,Высшее образование,Backend Developer
bd7e5c05,Python-разработчик,"python, redis",От 1 года до 3 лет,Среднее образование,Backend Developer
3238234a,Frontend-разработчик (верстка),"javascript, php, git, figma",От 3 до 6 лет,Студент,Frontend Developer
b7367089,Middle/Middle+ PHP Developer,"go, php, postgresql, mysql, kafka, rabbitmq, docker, ci/cd, git, ansible",От 3 до 6 лет,Высшее образование,Backend Developer
d827a2b9,"Senior Backend Developer (Java/Kotlin, Spring, Microservices)","java, spring, sql, postgresql, redis, kafka, docker, kubernetes, ci/cd",Без опыта,Среднее образование,Mobile Developer
b513bc32,Kotlin Developer,"java, spring, sql, postgresql, redis, kafka, docker, kubernetes, ci/cd, git",Более 6 лет,Среднее образование,Mobile Developer
01844d4a,Middle developer (DWH),"sql, postgresql",Без опыта,Высшее образование,Data Engineer
a50b1dd9,Middle+ / Senior C#. NET Разработчик,".net, sql, postgresql, ci/cd, git, linux",Более 6 лет,Среднее образование,Backend Developer
8cb35f33,IOS разработчик (Middle),"ci/cd, git",От 1 года до 3 лет,Среднее образование,Mobile Developer
a3910547,Ruby on Rails Middle Developer,"javascript, typescript, ruby, react, angular, sql, docker, html",Более 6 лет,Высшее образование,Backend Developer
779dd232,Старший разработчик ETL процессов ( Data Engineer),"python, sql, postgresql",Более 6 лет,Высшее образование,Data Engineer
2f5e06d6,Middle C# Developer,"javascript, ci/cd, git, html, css",Без опыта,Среднее образование,Backend Developer
8c36f11f,Разработчик PHP / Старший разработчик PHP/ Ведущий разработчик PHP (ДЦКЗ),ci/cd,Более 6 лет,Высшее образование,Backend Developer
08773dcf,C#/.NET-разработчик,sql,От 1 года до 3 лет,Высшее образование,Backend Developer
c2fbc631,Fullstack PHP-разработчик,"javascript, php, vue, nuxt, sql, mysql, redis, elasticsearch, git",От 3 до 6 лет,Высшее образование,Backend Developer
db6ef4e9,Java-разработчик (Middle),"java, spring, sql, postgresql, redis, kafka, rabbitmq, docker, kubernetes, ci/cd, git, linux",От 3 до 6 лет,Высшее образование,Backend Developer
1079700b,Senior .NET Developer,".net, mysql",Без опыта,Студент,Backend Developer
e72b2486,"Frontend developer (React, middle+/senior)","javascript, typescript, react, ci/cd",От 1 года до 3 лет,Среднее образование,Frontend Developer
f0fe0272,Главный разработчик Java,"java, sql, docker",От 3 до 6 лет,Среднее образование,Backend Developer
9593b114,Frontend разработчик (Middle),"javascript, typescript, react, ci/cd, html, css",От 3 до 6 лет,Высшее образование,Frontend Developer
be38548f,Backend-разработчик,"javascript, php, vue, nuxt, mysql, redis, docker, ci/cd, git",Более 6 лет,Высшее образование,Backend Developer
87e1be4b,Java-разработчик,"java, git",От 1 года до 3 лет,Студент,Backend Developer
122c4213,Senior Frontend Developer в Kaspi Delivery Team (в офисе),"javascript, typescript, react, vue, nuxt, docker, ci/cd, cypress, jest",Без опыта,Высшее образование,Frontend Developer
26a3134f,Java Developer,"java, spring, sql, mongodb, kafka, rabbitmq, docker, kubernetes, ci/cd",Более 6 лет,Студент,Backend Developer
6c50cc32,Middle Java-разработчик,"java, spring, sql, postgresql, mongodb, redis, kafka, docker, kubernetes, ci/cd",От 1 года до 3 лет,Среднее образование,Backend Developer
087101f5,Backend Developer (Go) + Python (Senior),"python, go, postgresql, redis, kafka, docker, kubernetes, ci/cd",От 1 года до 3 лет,Студент,Backend Developer
992a1987,"Ведущий Backend разработчик (Java, Go)","java, go, spring, sql, redis, kafka, kubernetes",Без опыта,Высшее образование,Backend Developer
8c4e46de,"Senior Java Developer, AWS","java, kafka",От 1 года до 3 лет,Студент,Backend Developer
0d3e14bf,QA manual,"sql, ci/cd, git, linux, ui/ux",От 1 года до 3 лет,Среднее образование,QA Engineer
c56197c0,"Senior backend-разработчик (Python, PHP)","python, php, fastapi, sql, mysql",Без опыта,Высшее образование,Backend Developer
50126d81,Full Stack developer (Back - Node/ Front - React),"javascript, react, express, postgresql, kafka",От 1 года до 3 лет,Высшее образование,Full Stack Developer
b8f1ad1c,PHP Developer,"javascript, php, react, vue, postgresql, mysql, mongodb, elasticsearch, rabbitmq, docker, git",От 3 до 6 лет,Студент,Backend Developer
2fa99bbb,Python Developer,"python, go, sql, docker, kubernetes, ci/cd",Без опыта,Высшее образование,Backend Developer
b91b107d,Middle Frontend разработчик (React),"typescript, react",От 3 до 6 лет,Высшее образование,Frontend Developer
17aff180,PHP-разработчик,"javascript, php, react, vue, mysql, redis, git, bash, html, css",От 1 года до 3 лет,Высшее образование,Backend Developer
24c235a5,Системный администратор/инженер технической поддержки (IT Infrastructure & Retail Solutions),"python, postgresql, mysql, linux, bash",Без опыта,Высшее образование,DevOps Engineer
45c96e3d,Junior IT Engineer / Python Developer (Video Surveillance),"python, linux",От 1 года до 3 лет,Высшее образование,Backend Developer
bd878e04,Senior специалист по информационной безопасности (IT Security),"postgresql, redis, docker, kubernetes, ci/cd, linux",Более 6 лет,Среднее образование,Cybersecurity Analyst
7a18ed75,IOS Trainee,git,От 1 года до 3 лет,Студент,Mobile Developer
ff143942,Middle IOS разработчик,ci/cd,От 1 года до 3 лет,Высшее образование,Mobile Developer
93004073,Senior IOS разработчик,"sql, ci/cd, ui/ux",От 1 года до 3 лет,Среднее образование,Mobile Developer
bdac0965,Mobile Developer (Swift / iOS),"ci/cd, git, ui/ux",От 1 года до 3 лет,Высшее образование,Mobile Developer
30ec0eca,Middle IOS разработчик,"ci/cd, git, ui/ux",От 1 года до 3 лет,Высшее образование,Mobile Developer
faed76c6,Аналитик данных,"sql, git",Без опыта,Высшее образование,Data Analyst
6abe152e,Аналитик данных,"sql, kafka",Без опыта,Студент,Data Analyst
59c87052,Data Analyst,"python, sql, machine learning",От 1 года до 3 лет,Студент,Data Analyst
8ff48c35,Middle/Senior Data analyst в Kaspi shop,"python, sql, ml",От 1 года до 3 лет,Высшее образование,Data Analyst
2514e681,Старший аналитик данных,"python, sql",От 1 года до 3 лет,Среднее образование,Data Analyst
8714744c,Аналитик данных (Product / Data Analyst) ОФ IQanat,"python, sql, git, pandas, numpy, html, css",Более 6 лет,Студент,QA Engineer
6a6869f3,Junior Data Analyst,sql,Без опыта,Студент,Data Analyst
511637f2,Аналитик данных в Департамент цифровизации проектов,"python, sql, pandas, numpy, scikit-learn",Без опыта,Среднее образование,Data Analyst
7e14777c,Data Analytics Manager (DWH/BI),sql,От 1 года до 3 лет,Высшее образование,Data Engineer
61c5cc67,"Аналитик данных (Power BI, финансы/банки)","sql, git",От 3 до 6 лет,Высшее образование,Data Analyst
857a5f18,Manager / Data Engineer / Analyst,sql,От 1 года до 3 лет,Среднее образование,Data Engineer
27f51afd,Marketing Data Analyst/Маркетинговый аналитик,"python, sql",Более 6 лет,Студент,Data Analyst
b7e8bab5,Data Engineer,"python, fastapi, sql, docker",От 1 года до 3 лет,Среднее образование,Data Engineer
087921c8,Junior Data Analyst,"python, sql, pandas, numpy",Более 6 лет,Высшее образование,Data Analyst
9c49ee43,Commercial Data Analyst,sql,Без опыта,Среднее образование,Data Analyst
bf06592b,Senior Data Analyst,sql,От 1 года до 3 лет,Среднее образование,Data Analyst
e69d7b62,Аналитик данных,sql,От 1 года до 3 лет,Высшее образование,Data Analyst
1f4175d9,BI-аналитик,sql,От 1 года до 3 лет,Высшее образование,Data Analyst
ed3d3daa,Senior Data Analyst,"python, sql, ci/cd",От 1 года до 3 лет,Высшее образование,Data Analyst
d3f3e98b,Middle Data analyst (Лаборатория продуктов),"python, sql",Более 6 лет,Среднее образование,Data Analyst
d2fb3e4c,BI-аналитик,"python, sql, postgresql, mysql",От 3 до 6 лет,Среднее образование,Data Analyst
efbcd086,Data Engineer,"python, go, sql, redis, kafka",Более 6 лет,Высшее образование,Data Engineer
e3db49c2,Senior Data Engineer,"sql, mysql, kafka, kubernetes",От 1 года до 3 лет,Высшее образование,Data Engineer
9e174c8e,Аналитик данных,sql,От 1 года до 3 лет,Высшее образование,Data Analyst
77c6b049,Data Engineer,"python, sql, postgresql",От 1 года до 3 лет,Высшее образование,Data Engineer
79bb0761,Analytics Data Engineer (DWH / BI Platform) Middle+ / Senior,"sql, kafka",Более 6 лет,Студент,Data Engineer
acbafae9,Middle Data Engineer,"sql, postgresql",Более 6 лет,Высшее образование,Data Engineer
96f823c0,Data analyst,sql,От 1 года до 3 лет,Студент,Data Analyst
498d7a8b,Data Analyst,sql,Более 6 лет,Студент,Data Analyst
952449ae,Главный аналитик Управления внутренней безопасности,"sql, data science",Без опыта,Высшее образование,Cybersecurity Analyst
38cdb15b,Data Engineer (Insurance / Finance),"python, sql, postgresql, kafka",От 1 года до 3 лет,Высшее образование,Data Engineer
cb2ddaee,Senior Data Analyst (Data Governance),"sql, postgresql",Более 6 лет,Высшее образование,Data Analyst
8fccc5fe,QA Engineer (SaaS / EdTech),ci/cd,От 3 до 6 лет,Высшее образование,QA Engineer
4994aeda,QA Engineer in Almaty,sql,От 1 года до 3 лет,Высшее образование,QA Engineer
e8c09f53,QA Engineer,"sql, postgresql",От 1 года до 3 лет,Студент,QA Engineer
f3b16aec,Mobile QA Engineer (Middle),"java, ci/cd",От 1 года до 3 лет,Высшее образование,QA Engineer
41cc591d,Manual QA Engineer (ELMA 365),"typescript, sql, postgresql",От 1 года до 3 лет,Высшее образование,QA Engineer
9dca06d5,AQA Python engineer,"python, postgresql, mongodb, kafka, ci/cd, git",От 3 до 6 лет,Студент,QA Engineer
274caadd,QA Automation Engineer (Kotlin\Java),"java, ci/cd, git",От 1 года до 3 лет,Студент,QA Engineer
e272679d,Middle QA Engineer,"python, java, javascript, mongodb, ci/cd, data science, cypress",От 1 года до 3 лет,Студент,QA Engineer
fe766c5d,QA Engineer (gamedev),"git, linux",От 1 года до 3 лет,Высшее образование,QA Engineer
9f24e1c5,QA engineer,"ci/cd, ml",От 1 года до 3 лет,Высшее образование,QA Engineer
656d6125,Support & QA Engineer,sql,От 1 года до 3 лет,Высшее образование,QA Engineer
a60b4f77,QA Automation Engineer в офис Алматы,"javascript, ci/cd, git, linux",От 1 года до 3 лет,Студент,QA Engineer
59987e98,Middle QA Engineer,"python, sql, postgresql, ci/cd",От 1 года до 3 лет,Студент,QA Engineer
4190b274,Тестировщик (QA Engineer) сектора аутстаффинга Департамента ИСЭЗ,sql,От 3 до 6 лет,Высшее образование,QA Engineer
26517089,QA engineer (Middle/Team Lead),"python, javascript, sql, docker, ci/cd, git",От 3 до 6 лет,Среднее образование,QA Engineer
3b54f758,QA-инженер,"sql, ci/cd, cypress",От 3 до 6 лет,Студент,QA Engineer
9a17baa2,QA-инженер,"sql, postgresql",От 1 года до 3 лет,Студент,QA Engineer
b7a14808,QA инженер,"sql, git",От 1 года до 3 лет,Студент,QA Engineer
d654c10a,Full Stack Test Engineer Trainee,sql,От 1 года до 3 лет,Высшее образование,Full Stack Developer
5fd17469,QA инженер (Middle),"sql, postgresql, git",От 1 года до 3 лет,Высшее образование,QA Engineer
68d3a510,Manual QA Engineer,"sql, git",От 3 до 6 лет,Среднее образование,QA Engineer
bf3f25f4,"QA Engineer (onsite, Almaty)","sql, ci/cd",От 3 до 6 лет,Высшее образование,QA Engineer
8e96a65f,Manual QA Engineer (Junior),git,От 1 года до 3 лет,Высшее образование,QA Engineer
842f575b,QA Engineer (Middle),"python, typescript, react, fastapi, sql, postgresql, docker, ci/cd, git",От 3 до 6 лет,Высшее образование,QA Engineer
03883e65,Инженер-тестировщик (QA engineer),linux,От 1 года до 3 лет,Высшее образование,QA Engineer
3d3b8dc0,QA Engineer Junior (Mobile),mysql,От 1 года до 3 лет,Среднее образование,QA Engineer
650d2050,Программист-тестировщик (QA Engineer),"python, java, javascript",От 1 года до 3 лет,Высшее образование,QA Engineer
917c0237,QA Automation Engineer (JavaScript),"javascript, cypress, jest",От 1 года до 3 лет,Среднее образование,QA Engineer
491c1885,1. QA Automation Engineer (Banking / Mobile / API),"python, java, sql, ci/cd, git",От 3 до 6 лет,Студент,QA Engineer
e44d84f4,QA инженер Middle/Middle+,"python, sql, postgresql, ci/cd",От 3 до 6 лет,Студент,QA Engineer
5d126b66,Manual QA инженер (Офис),"java, javascript, sql, html, css",От 3 до 6 лет,Высшее образование,QA Engineer
7b5d0d83,Manual QA инженер (Middle),".net, sql, postgresql, redis, kafka, ci/cd",От 1 года до 3 лет,Высшее образование,QA Engineer
bbc2e58b,Manual QA Engineer / Quality Assurance / Тестировщик,"sql, kafka, ci/cd",От 3 до 6 лет,Высшее образование,QA Engineer
69482c61,Automation QA Senior Engineer,"java, ci/cd",От 3 до 6 лет,Среднее образование,QA Engineer
1b6b7d99,Automation QA Middle Engineer,"python, javascript, sql, ci/cd",От 3 до 6 лет,Высшее образование,QA Engineer
8d0feca9,Middle QA Engineer,"sql, docker, ci/cd, git, linux, figma",От 1 года до 3 лет,Студент,QA Engineer
70a76978,QA Engineer (Middle+),"kubernetes, ci/cd, cypress",От 3 до 6 лет,Среднее образование,QA Engineer
d80150ee,QA Automation Engineer (Mobile),"javascript, sql, git",От 1 года до 3 лет,Высшее образование,QA Engineer
695b3516,QA Engineer,"java, ci/cd, git",От 3 до 6 лет,Высшее образование,QA Engineer
51277573,QA Engineer,"python, java, javascript",От 1 года до 3 лет,Высшее образование,QA Engineer
5dd6596d,Senior QA Test Automation Engineer,"java, sql, ci/cd",От 1 года до 3 лет,Высшее образование,QA Engineer
5f244e30,Backend Developer (Kotlin) in Kazakhstan,"java, spring, sql, postgresql, redis, kafka, docker, kubernetes, ci/cd, git",От 3 до 6 лет,Высшее образование,Mobile Developer
e194010a,Mobile Developer (Flutter) + UI/UX (Senior),"ci/cd, ui/ux",От 3 до 6 лет,Среднее образование,Mobile Developer
65f64d46,Python Developer,"python, go, sql, docker, kubernetes, ci/cd",От 3 до 6 лет,Высшее образование,Backend Developer
39f3077f,Java Developer in Almaty,"java, spring, sql, postgresql, mysql, redis, kafka, rabbitmq, docker, kubernetes, ci/cd, git, linux",От 1 года до 3 лет,Высшее образование,Backend Developer
0988d089,Frontend-разработчик (Senior) Freedom AI Labs,"javascript, typescript, react, docker, kubernetes, ci/cd, css, tailwind",От 3 до 6 лет,Высшее образование,Frontend Developer
c8cd8dd6,Mobile Developer (React Native),"typescript, react, ci/cd, git",От 3 до 6 лет,Среднее образование,Mobile Developer
e218a15f,Senior Developer (Flutter / Laravel / React),"javascript, react",От 1 года до 3 лет,Студент,Mobile Developer
6fb1ca87,Junior Frontend Developer (Angular),"javascript, typescript, angular, git, css, sass, tailwind",От 1 года до 3 лет,Высшее образование,Frontend Developer
ebf85cce,Senior Fullstack Developer (Java / React),"java, javascript, react, spring, postgresql, redis, docker, ci/cd, figma",От 3 до 6 лет,Высшее образование,Frontend Developer
245b96fc,Программист Mobile Developer,"javascript, react, ci/cd, git",От 1 года до 3 лет,Студент,Mobile Developer
aa65ba5a,Mobile Developer (Swift / iOS),"ci/cd, git, ui/ux",От 3 до 6 лет,Среднее образование,Mobile Developer
e9e050bf,Mobile Developer (Kotlin / Android),"ci/cd, git, figma, ui/ux",От 3 до 6 лет,Высшее образование,Mobile Developer
07e19bf5,Android-разработчик,"java, ci/cd, git",От 1 года до 3 лет,Студент,Mobile Developer
a15e5d64,Kotlin Developer,"java, spring, sql, postgresql, redis, kafka, docker, kubernetes, ci/cd, git",От 3 до 6 лет,Студент,Mobile Developer
ec5c4db2,Middle React Native Developer,"javascript, typescript, react, ci/cd",От 3 до 6 лет,Высшее образование,Frontend Developer
d105a19d,Full-Stack Engineer (JavaScript/PHP),"javascript, php, sql, ci/cd",От 3 до 6 лет,Студент,Full Stack Developer
c811ada2,React Native Senior Developer,"java, react, ci/cd, html, css, jest",От 3 до 6 лет,Среднее образование,Frontend Developer
21bf2917,Data Engineer,"python, fastapi, sql",От 3 до 6 лет,Студент,Data Engineer
6f9a19d2,Data Engineer,"postgresql, mysql, mongodb, kafka",От 3 до 6 лет,Студент,Data Engineer
b4a19498,Data Engineer,"python, go, sql, redis, kafka",От 1 года до 3 лет,Студент,Data Engineer
81d4b8f6,QA Automation Engineer (Kotlin\Java),"java, ci/cd, git",От 1 года до 3 лет,Среднее образование,QA Engineer
6a11f5bc,MLOps/DevOps Specialist,"python, docker, kubernetes, ci/cd, linux, bash, ansible, terraform, ml, data science",От 1 года до 3 лет,Высшее образование,Data Scientist
15a395bd,Senior Data Engineer,"sql, mysql, kafka, kubernetes",От 3 до 6 лет,Среднее образование,Data Engineer
45a1e9ab,Data engineer,"sql, kafka",От 3 до 6 лет,Высшее образование,Data Engineer
aa933ec4,Главный Data Engineer,sql,От 1 года до 3 лет,Высшее образование,Data Engineer
3f656d69,Эксперт data engineer,"sql, kafka",От 3 до 6 лет,Студент,Data Engineer
80f48bae,DevOps Engineer,"docker, kubernetes, ci/cd, linux, ansible, terraform",От 3 до 6 лет,Среднее образование,DevOps Engineer
b83b31eb,Senior AI / ML Engineer (Applied AI Systems Lead),"python, fastapi, sql, docker, kubernetes, ml, pandas",От 3 до 6 лет,Высшее образование,Data Scientist
ebb339ff,Data Engineer,"python, sql, postgresql",От 1 года до 3 лет,Студент,Data Engineer
827cca2c,Middle Data Engineer,"python, fastapi, sql, postgresql, docker, ci/cd, git, pandas",От 1 года до 3 лет,Высшее образование,Data Engineer
75a7a437,Data Engineer / BI Engineer,"python, sql, postgresql, kafka, rabbitmq",От 1 года до 3 лет,Высшее образование,Data Engineer
28a0fa3e,Manager / Data Engineer / Analyst,sql,От 1 года до 3 лет,Высшее образование,Data Engineer
bab077fe,Data Engineer (DWH),"sql, postgresql",От 3 до 6 лет,Высшее образование,Data Engineer
11b05845,Старший разработчик ETL процессов ( Data Engineer),"python, sql, postgresql",От 3 до 6 лет,Высшее образование,Data Engineer
405f3fba,Middle QA Engineer,"python, java, javascript, mongodb, ci/cd, data science, cypress",От 1 года до 3 лет,Высшее образование,QA Engineer
2985f7fb,Test Automation Engineer | SDET | Middle+ | Python,"python, kubernetes, ci/cd",От 3 до 6 лет,Высшее образование,Backend Developer
a7db32eb,AI Engineer (Backend / Python),"python, fastapi, django, postgresql, redis, docker, numpy, scikit-learn",От 3 до 6 лет,Студент,Backend Developer
0bc1dd19,Senior ML Engineer (LLM / RAG),"python, fastapi, sql, elasticsearch, docker, ci/cd, ml",От 3 до 6 лет,Высшее образование,Data Scientist
1835c781,Middle Data Engineer (Lakehouse / Big Data),"python, sql, postgresql",От 3 до 6 лет,Студент,Data Engineer
f73e1b92,Middle Data Engineer (Отдел развития и внедрения AI),"python, sql, postgresql, kafka, ml, data science, pandas",От 3 до 6 лет,Высшее образование,Data Engineer
be89b5a9,Middle Data Engineer,"sql, postgresql",От 1 года до 3 лет,Студент,Data Engineer
3808b032,Data Engineer,"python, fastapi, sql, docker",От 1 года до 3 лет,Высшее образование,Data Engineer
e3e52460,Middle Data Engineer,"sql, postgresql",От 1 года до 3 лет,Высшее образование,Data Engineer
63b5bab6,Data Engineer (Insurance / Finance),"python, sql, postgresql, kafka",От 3 до 6 лет,Среднее образование,Data Engineer
dde603a1,Junior DevOps Engineer (Azure),"python, javascript, typescript, php, sql, postgresql, mysql, mongodb, redis, docker, kubernetes, ci/cd, git, bash, ansible, terraform, html",От 1 года до 3 лет,Студент,DevOps Engineer
1e3b9ac7,Senior Machine Learning Engineer,"python, fastapi, sql, postgresql, redis, docker, kubernetes, ci/cd, git, machine learning, ml, data science",От 3 до 6 лет,Высшее образование,Data Scientist
cd5f580d,Senior Backend Engineer (Laravel / Event-Driven / High Load),"php, mysql, redis, kafka, docker",От 3 до 6 лет,Среднее образование,Backend Developer
992a3feb,Data Engineer (Analytics),"python, sql, postgresql, mysql, pandas, numpy",От 3 до 6 лет,Высшее образование,Data Engineer
ec7d6acd,Data engineer (Middle),"python, sql, postgresql, redis, kafka, docker, git, linux, ml",От 1 года до 3 лет,Студент,Data Engineer
a210387f,Senior Data Engineer (Greenplum),"sql, kafka, ml",Более 6 лет,Студент,Data Engineer
6473abc8,Data Engineer,"python, sql, rabbitmq, docker, k8s, git, pandas",От 3 до 6 лет,Среднее образование,Data Engineer
5a2c0c50,Data Engineer в Направление системного анализа,sql,От 3 до 6 лет,Среднее образование,Data Engineer
98dd1c19,DevOps Engineer,"python, php, mysql, docker, ci/cd, linux, bash, ansible",От 3 до 6 лет,Среднее образование,DevOps Engineer
b89c6ea2,Senior Data Engineer,"sql, ml",Более 6 лет,Высшее образование,Data Engineer
4eeb9560,Middle ML engineer,"python, fastapi, postgresql, redis, kafka, docker, ml, pytorch",От 3 до 6 лет,Среднее образование,Data Scientist
89af44cd,Analytics Data Engineer (DWH / BI Platform) Middle+ / Senior,"sql, kafka",От 3 до 6 лет,Высшее образование,Data Engineer
59737e43,Data Scientist,"python, fastapi, sql, docker, git, ml, data science, pandas, numpy, scikit-learn, pytorch, tensorflow",От 3 до 6 лет,Высшее образование,Data Scientist
caa3c094,Data Engineer,"python, sql, postgresql, ml, pandas",От 3 до 6 лет,Высшее образование,Data Engineer
933ef6fd,DevOps Engineer/L2,"mysql, mongodb, redis, kafka, rabbitmq, kubernetes, ci/cd, linux",Более 6 лет,Высшее образование,DevOps Engineer
a283b82d,Middle Machine Learning Engineer – Financial Applications,"python, machine learning, data science, scikit-learn, pytorch",От 3 до 6 лет,Студент,Data Scientist
e2c6ee89,Full-Stack Developer (Middle),"java, javascript, go, vue, spring, sql, postgresql, mysql, docker, ci/cd, git",От 3 до 6 лет,Студент,Full Stack Developer
b41a5d7a,Full-Stack Developer (Python / TypeScript),"python, typescript, react, fastapi, sql, postgresql, redis, kafka, docker, kubernetes, ci/cd, ml, tailwind",От 3 до 6 лет,Среднее образование,Full Stack Developer
ffcf0f88,General/Full-Stack QA - specialist,"javascript, docker, ci/cd, figma",От 3 до 6 лет,Среднее образование,Full Stack Developer
27a0beda,Full-stack разработчик (Middle),"python, fastapi, django, git",От 1 года до 3 лет,Высшее образование,Full Stack Developer
1a93b92b,Full Stack developer (Back - Node/ Front - React),"javascript, react, express, postgresql, kafka",От 3 до 6 лет,Высшее образование,Full Stack Developer
ad9ce5b0,Видеограф / Motion-дизайнер (Full-stack контент-мейкер),figma,От 1 года до 3 лет,Среднее образование,Full Stack Developer
599d47f8,Fullstack PHP-разработчик,"javascript, php, vue, nuxt, sql, mysql, redis, elasticsearch, git",От 1 года до 3 лет,Высшее образование,Backend Developer
d7acf1d3,Senior Frontend Developer в Kaspi Delivery Team (в офисе),"javascript, typescript, react, vue, nuxt, docker, ci/cd, cypress, jest",Более 6 лет,Высшее образование,Frontend Developer
dd2f7b53,Frontend-разработчик,"javascript, typescript, react, angular, git, ui/ux",От 3 до 6 лет,Среднее образование,Frontend Developer
46b9fd0a,Full-Stack Инженер,"javascript, typescript, react, express, sql, postgresql, mysql, docker, ci/cd, git",От 3 до 6 лет,Среднее образование,Full Stack Developer
2cb0c305,Full Stack разработчик (Python / FastAPI + React),"python, react, fastapi, sql, postgresql, redis, kafka, rabbitmq, docker, ci/cd",От 1 года до 3 лет,Высшее образование,Full Stack Developer
a5359e59,Fullstack-разработчик (Java),"java, react, vue",От 1 года до 3 лет,Студент,Backend Developer
6bc89bb9,"Разработчик (флуттер), Отдел по проекту QazaqGaz","postgresql, mysql, git",От 1 года до 3 лет,Высшее образование,QA Engineer
ef0b8a5c,Fullstack разработчик (Java/Kotlin + Angular),"java, typescript, react, angular, spring, postgresql, redis, docker, kubernetes",От 3 до 6 лет,Среднее образование,Mobile Developer
f858a9b8,"Frontend developer (React, middle+/senior)","javascript, typescript, react, ci/cd",От 3 до 6 лет,Среднее образование,Frontend Developer
8c29e2bb,Middle Backend Developer (NodeJS),"javascript, typescript, react, express, postgresql, mongodb, redis, docker, ci/cd, git, data science",От 3 до 6 лет,Среднее образование,Backend Developer
27790ba0,Frontend-разработчик,"javascript, react, git",От 1 года до 3 лет,Среднее образование,Frontend Developer
496cbc66,Full Stack Test Engineer Trainee,sql,Более 6 лет,Среднее образование,Full Stack Developer
fb15c151,Senior Full Stack Developer / Product Engineer,"python, javascript, typescript, php, react, vue, postgresql, mysql",От 3 до 6 лет,Высшее образование,Full Stack Developer
421f5086,"Tech Lead / Full Stack Lead (MedusaJS, Node.js, React)","javascript, react, express, postgresql, redis, kafka, rabbitmq, ci/cd",От 3 до 6 лет,Высшее образование,Full Stack Developer
057f2019,Senior Full-stack Developer,"javascript, typescript, go, react, sql, kafka, docker, kubernetes, ci/cd",От 1 года до 3 лет,Студент,Full Stack Developer
9164a961,Middle/Senior Full-Stack Developer (C# / JS),"javascript, .net, vue",От 1 года до 3 лет,Студент,Full Stack Developer
f3d9874f,"Full stack разработчик веб приложений, сайтов и мобильных приложений","javascript, html, css",От 3 до 6 лет,Высшее образование,Full Stack Developer
b3550b12,"Tech Lead / Lead JavaScript AR Developer (A‑Frame / Three.js, React, Next.js, Node.js, Go)","javascript, go, react, docker, ci/cd, git, html, css",От 1 года до 3 лет,Высшее образование,Frontend Developer
862deb4e,Senior Typescript/Node JS разработчик,"javascript, typescript, react, express, postgresql, docker, html, css, tailwind",Более 6 лет,Высшее образование,Backend Developer
b3422416,Backend-разработчик (midle/junior/стажёр),"python, javascript, react, vue, git, html, css",От 1 года до 3 лет,Высшее образование,Backend Developer
fbb104f7,Support / DevOps Engineer,"python, javascript, typescript, react, express, sql, postgresql, docker, git, linux, bash",От 1 года до 3 лет,Студент,DevOps Engineer
255a1f0f,FullStack - разработчик 1C-Bitrix CMS | WP | JS | PHP,"javascript, php, vue, sql, mysql, git, html, css",От 1 года до 3 лет,Среднее образование,Backend Developer
6d66c476,Senior Developer (Flutter / Laravel / React),"javascript, react",От 1 года до 3 лет,Высшее образование,Mobile Developer
00845eda,Full-Stack Developer,"javascript, typescript, react",От 1 года до 3 лет,Высшее образование,Full Stack Developer
fe07a1c8,Middle Full-Stack Developer Web Platform,"javascript, typescript, react, vue, express, postgresql, mongodb, docker, ci/cd, git",От 3 до 6 лет,Высшее образование,Full Stack Developer
cb9bee5e,"Full-stack разработчик (AI / ChatGPT, мобильное приложение)","python, javascript",От 1 года до 3 лет,Студент,Full Stack Developer
8efad467,Full-Stack JS developer (Ментор),"javascript, react, sql, git, html, css",От 1 года до 3 лет,Студент,Full Stack Developer
53dfa932,"Fullstack-разработчик (PostgreSQL, Java , Vue.js)","java, javascript, typescript, vue, spring, postgresql, css, sass, ui/ux",От 3 до 6 лет,Среднее образование,Frontend Developer
47ee7832,Fullstack Javascript/Typescript Developer,"python, java, javascript, typescript, go, php, react, angular, vue, express, django, spring, postgresql, mysql, mongodb, redis, kafka, rabbitmq, docker, ci/cd, git, linux, ml",От 1 года до 3 лет,Среднее образование,Backend Developer
a9d6c768,Ведущий инженер (Python backend developer) сектор аутстаффинг,"python, javascript, php, vue, fastapi, django, sql, postgresql, mysql, kafka",От 1 года до 3 лет,Высшее образование,Backend Developer
57d75f25,Middle Fullstack / Backend Developer (AI-Native Architect),"python, javascript, postgresql, redis, docker, ci/cd",От 3 до 6 лет,Высшее образование,Backend Developer
ae1a34a3,"AI-first Full Stack Developer (Node.js, React, PostgreSQL)","javascript, typescript, react, postgresql, docker",Более 6 лет,Студент,Full Stack Developer
fa6a2497,"Full-Stack developer | React, Next.js, Node.js, Python","python, javascript, react",От 3 до 6 лет,Среднее образование,Full Stack Developer
c4b80d04,Senior Fullstack-разработчик (Go + React Native),"java, go, golang, react, sql, postgresql, redis, kafka, rabbitmq, docker, ci/cd, tailwind, jest",От 3 до 6 лет,Высшее образование,Frontend Developer
af9a4542,Middle Frontend Developer (React native),"javascript, typescript, react, express, postgresql, mongodb, redis, docker, git, data science",От 1 года до 3 лет,Среднее образование,Frontend Developer
56a9fe7b,React Native Senior Developer,"java, react, ci/cd, html, css, jest",От 3 до 6 лет,Среднее образование,Frontend Developer
9df681e4,Senior / Lead Full-Stack Developer (Python/Django/FastAPI + Vue/PrimeVue),"python, javascript, react, vue, fastapi, django, postgresql, docker, ci/cd, linux",Более 6 лет,Высшее образование,Full Stack Developer
0c8f994f,Tech Lead / System Architect (Golang| Distributed Systems & IoT),"go, golang, postgresql, ci/cd, linux",От 3 до 6 лет,Высшее образование,Backend Developer
35797878,React/NodeJS разработчик - Программист Junior/Middle,"javascript, react, sql, git",От 3 до 6 лет,Высшее образование,Frontend Developer
b0740bcb,Ведущий Full Stack Разработчик,"javascript, typescript, react, sql, kubernetes, git, linux",От 1 года до 3 лет,Высшее образование,Full Stack Developer
58569a7d,Full stack разработчик,"javascript, typescript, php, react, vue, git, css",От 3 до 6 лет,Высшее образование,Full Stack Developer
48a5e66c,Full-Stack WEB-разработчик,"javascript, php, react, sql, git, html, css, figma",Без опыта,Высшее образование,Full Stack Developer
adc02bfc,Data Scientist,"python, sql, docker, machine learning, data science, pandas, numpy, scikit-learn, pytorch, tensorflow",От 3 до 6 лет,Высшее образование,Data Scientist
d4238fba,Data Scientist,"python, ml, data science, pandas, numpy, scikit-learn, pytorch, tensorflow",От 3 до 6 лет,Студент,Data Scientist
a8f960e7,Middle Data Scientist,"python, sql, machine learning, ml",От 3 до 6 лет,Высшее образование,Data Scientist
ce009188,Middle Data Scientist (Отдел развития и внедрения AI),"python, sql, postgresql, git, ml, data science, pandas, numpy, scikit-learn",От 1 года до 3 лет,Высшее образование,Data Scientist
e811caf8,Data Scientist,"python, java, golang, sql, postgresql, linux, ml, data science, pandas, numpy, scikit-learn, pytorch",Более 6 лет,Высшее образование,Data Scientist
d85cb512,Senior Data Scientist,"python, sql, ci/cd",От 3 до 6 лет,Высшее образование,Data Scientist
81a1622a,"Senior Data Scientist, Отдел развития и внедрения AI","python, sql, postgresql, git, machine learning, ml, data science, pandas, numpy, scikit-learn",От 3 до 6 лет,Студент,Data Scientist
72221c5e,Lead Data Scientist,"python, sql, ml, data science, pandas, numpy, scikit-learn",От 3 до 6 лет,Высшее образование,Data Scientist
752aaaba,ML-инженер/Data Scientist,"python, sql, machine learning, ml, pandas, numpy, scikit-learn",От 3 до 6 лет,Высшее образование,Data Scientist
783eb93f,Data Analyst,"python, sql, ci/cd, git, ml",От 1 года до 3 лет,Высшее образование,Data Analyst
cea2fe35,Middle/Senior Data analyst в Kaspi shop,"python, sql, ml",От 1 года до 3 лет,Высшее образование,Data Analyst
824fb085,Junior Data Analyst,sql,От 1 года до 3 лет,Студент,Data Analyst
9b04ceb5,Senior Data Analyst,"python, sql, ci/cd",От 1 года до 3 лет,Высшее образование,Data Analyst
c9fa4558,Manager / Data Engineer / Analyst,sql,От 1 года до 3 лет,Высшее образование,Data Engineer
4bf0c4a5,Аналитик данных / Marketing Data Analyst — международная онлайн-школа K-12,"python, sql",От 1 года до 3 лет,Высшее образование,Data Analyst
fa76c733,Senior Data Analyst (Data Governance),"sql, postgresql",От 3 до 6 лет,Высшее образование,Data Analyst
ad9066be,Data Analyst,"python, sql, machine learning",От 1 года до 3 лет,Высшее образование,Data Analyst
b02976db,Junior Data Analyst,"python, sql, pandas, numpy",Без опыта,Студент,Data Analyst
7f6674af,Аналитик данных (Product / Data Analyst) ОФ IQanat,"python, sql, git, pandas, numpy, html, css",От 3 до 6 лет,Среднее образование,QA Engineer
30244b1a,"Data Analyst (Junior/middle), Департамент по взысканию проблемных кредитов",sql,От 1 года до 3 лет,Высшее образование,Data Analyst
424d390d,"Tech Lead / Full Stack Lead (MedusaJS, Node.js, React)","javascript, react, express, postgresql, redis, kafka, rabbitmq, ci/cd",От 3 до 6 лет,Высшее образование,Full Stack Developer
51481eed,Commercial Data Analyst,sql,От 3 до 6 лет,Студент,Data Analyst
d2be0105,Аналитик данных / Data Analyst,"python, sql, docker, git, ml, pandas, numpy",От 1 года до 3 лет,Высшее образование,Data Analyst
e32d91fb,Middle Data analyst (Лаборатория продуктов),"python, sql",От 1 года до 3 лет,Студент,Data Analyst
4381e914,Marketing Data Analyst/Маркетинговый аналитик,"python, sql",От 1 года до 3 лет,Среднее образование,Data Analyst
189f362b,Data analyst (Senior),sql,От 1 года до 3 лет,Студент,Data Analyst
5e2cf185,Data analyst,sql,От 3 до 6 лет,Высшее образование,Data Analyst
9af291e5,Senior Data Analyst,sql,От 3 до 6 лет,Высшее образование,Data Analyst
735cb361,Data Analyst / Product Owner,"python, sql",Более 6 лет,Высшее образование,Data Analyst
4edf54cc,Data Analyst (Junior) в Департамент кредитных рисков,"python, sql, pandas",От 1 года до 3 лет,Студент,Data Analyst
f570b2b4,Data Analyst (Аналитик данных),"python, sql, ml",От 1 года до 3 лет,Студент,Data Analyst
cb2a3bd3,DevOps-инженер,"python, docker, kubernetes, ci/cd, git, linux, bash, ansible, terraform",От 1 года до 3 лет,Высшее образование,DevOps Engineer
dbe6b437,DevOps Engineer,"python, golang, kubernetes, linux, bash, ansible, terraform",От 3 до 6 лет,Среднее образование,DevOps Engineer
14440568,DevOps-инженер,"python, docker, kubernetes, ci/cd, git, linux, bash, ansible, terraform",От 1 года до 3 лет,Высшее образование,DevOps Engineer
7d557e8c,DevOps Engineer (FinTech),"python, docker, kubernetes, ci/cd, ansible, terraform, ml",От 1 года до 3 лет,Высшее образование,DevOps Engineer
2a066fd4,Senior DevOps Engineer,"python, go, docker, kubernetes, ci/cd, git, linux, bash, ansible, terraform",Без опыта,Высшее образование,DevOps Engineer
5c655944,DevOps-инженер,"postgresql, docker, kubernetes, linux, bash",От 1 года до 3 лет,Высшее образование,DevOps Engineer
d940818e,DevOps-инженер,"sql, mysql, k8s, ci/cd, linux",От 1 года до 3 лет,Высшее образование,DevOps Engineer
76d7611a,Стажер Support Engineer/ DevOps (IoT/Linux),"docker, linux, bash",От 1 года до 3 лет,Высшее образование,DevOps Engineer
f93e6a89,Тимлид разработки (PHP/Laravel),"php, postgresql, redis, kafka, rabbitmq, docker, ci/cd",Более 6 лет,Студент,Backend Developer
ce1d65cd,AQA Python engineer,"python, postgresql, mongodb, kafka, ci/cd, git",От 3 до 6 лет,Студент,QA Engineer
78392f6d,Инженер информационной безопасности (SecOps),"python, linux, bash",От 3 до 6 лет,Высшее образование,Cybersecurity Analyst
a9eb93a9,DevOps-инженер,"python, mysql, docker, ci/cd, linux, bash, ansible, terraform",От 1 года до 3 лет,Высшее образование,DevOps Engineer
ef7cec9a,DevOps Trainee,"ci/cd, linux",Без опыта,Высшее образование,DevOps Engineer
d5fdf3b2,DevOps Engineer,"docker, ci/cd, linux",От 1 года до 3 лет,Высшее образование,DevOps Engineer
3c416848,DevOps-инженер,"python, go, postgresql, docker, kubernetes, ci/cd, linux, bash, ansible, terraform",От 3 до 6 лет,Студент,DevOps Engineer
4e956c6a,Senior DevOps Engineer,"python, postgresql, mysql, redis, docker, kubernetes, ci/cd, linux, bash, ansible, terraform",От 3 до 6 лет,Студент,DevOps Engineer
ebf0a815,Старший DevOps инженер,"docker, kubernetes, ci/cd, linux",От 3 до 6 лет,Студент,DevOps Engineer
ebffa850,Middle DevOps Engineer,"docker, ci/cd, git, linux, ansible, terraform",От 3 до 6 лет,Высшее образование,DevOps Engineer
5fdab7a6,Software Engineer in DevOps \ Инженер-программист в области DevOps,"python, go, docker, kubernetes, git, linux, ansible, terraform",От 3 до 6 лет,Среднее образование,DevOps Engineer
88a8db85,Team Lead DevOps engineer,"redis, ci/cd, linux, bash, ansible",От 3 до 6 лет,Среднее образование,DevOps Engineer
bbf90071,Senior Lead DevOps engineer,"python, postgresql, elasticsearch, kubernetes, k8s, linux, ansible",Более 6 лет,Студент,DevOps Engineer
edbaf26d,Старший администратор (Devops/Linux),"python, java, sql, postgresql, mysql, docker, kubernetes, ci/cd, linux, bash, ansible",От 3 до 6 лет,Высшее образование,DevOps Engineer
0fee6097,DevOps-инженер,"postgresql, mysql, mongodb, redis, kafka, rabbitmq, kubernetes, ci/cd, git, linux",От 3 до 6 лет,Среднее образование,DevOps Engineer
90ba4c65,Senior DevOps инженер,"kubernetes, ci/cd, terraform",От 3 до 6 лет,Высшее образование,DevOps Engineer
31d9e50a,Middle C# Developer,"javascript, ci/cd, git, html, css",От 1 года до 3 лет,Среднее образование,Backend Developer
11b64080,Эксперт Департамента инфраструктуры и техподдержки Направление администрирования баз данных,"postgresql, linux",От 3 до 6 лет,Высшее образование,DevOps Engineer
d1a936ac,Backend-разработчик,"python, java, javascript, php, sql",От 1 года до 3 лет,Среднее образование,Backend Developer
a54f9ef0,Golang-Developer (Senior),"python, go, golang, mysql, kafka, rabbitmq, docker, kubernetes, ci/cd",Более 6 лет,Высшее образование,Backend Developer
fa279099,"Администратор 1С ( серверы, базы данных)","postgresql, docker, git, linux, bash",От 3 до 6 лет,Среднее образование,Backend Developer
eafa06b7,Full-Stack Инженер,"javascript, typescript, react, express, sql, postgresql, mysql, docker, ci/cd, git",От 3 до 6 лет,Высшее образование,Full Stack Developer
ff24a50b,Инженер Информационной безопасности (AppSec),"python, java, javascript, typescript, docker, kubernetes, ci/cd, git",От 3 до 6 лет,Высшее образование,Cybersecurity Analyst
55990ba9,Тестировщик (манульное),"sql, postgresql, ci/cd, ui/ux, cypress",От 1 года до 3 лет,Среднее образование,QA Engineer
f54ca67a,Senior AI Architect / Архитектор ИИ-ассистентов и инфраструктуры,"python, fastapi, elasticsearch, docker, kubernetes, ci/cd, ml",Более 6 лет,Высшее образование,DevOps Engineer
66078d90,DevOps Engineer,"python, postgresql, mysql, redis, docker, kubernetes, ci/cd, linux, bash, ansible, terraform",От 3 до 6 лет,Высшее образование,DevOps Engineer
d01e5485,DevOps-инженер,"javascript, php, docker, kubernetes, ci/cd, git, linux",От 1 года до 3 лет,Студент,DevOps Engineer
a344ba16,Support / DevOps Engineer,"python, javascript, typescript, react, express, sql, postgresql, docker, git, linux, bash",От 1 года до 3 лет,Студент,DevOps Engineer
d464403d,Senior DevOps-инженер,ci/cd,От 3 до 6 лет,Высшее образование,DevOps Engineer
2ca54809,AI-first DevOps (+Python),"python, docker, kubernetes, ci/cd, bash, ansible, terraform, ml",От 3 до 6 лет,Среднее образование,DevOps Engineer
11a191b5,DevOps-инженер в команду базовой инфраструктуры,"python, go, postgresql, redis, kafka, rabbitmq, docker, kubernetes, k8s, ci/cd, git, bash, ansible, terraform",От 3 до 6 лет,Высшее образование,DevOps Engineer
77dd6380,Старший DevOps-инженер сектора аутстаффинга Департамента информационных технологий,"python, go, postgresql, mysql, redis, elasticsearch, docker, kubernetes, ci/cd, git, linux, bash, ansible, terraform",Более 6 лет,Высшее образование,DevOps Engineer
6173b17c,Team Lead DevOps / Infrastructure Engineer,"postgresql, rabbitmq, docker, kubernetes, ci/cd, linux",От 3 до 6 лет,Высшее образование,DevOps Engineer
c7d5c26f,QA-инженер,"sql, ci/cd, cypress",От 3 до 6 лет,Среднее образование,QA Engineer
ed1c08d2,Senior Full-stack Developer,"javascript, typescript, go, react, sql, kafka, docker, kubernetes, ci/cd",От 1 года до 3 лет,Студент,Full Stack Developer
5f7e50d4,Системный администратор,"php, sql, postgresql, docker, linux, bash",От 1 года до 3 лет,Среднее образование,DevOps Engineer
8040e028,Системный администратор,linux,От 3 до 6 лет,Высшее образование,DevOps Engineer
f68c69ae,"Администратор 1С ( серверы, базы данных)","postgresql, docker, git, linux, bash",От 3 до 6 лет,Среднее образование,Backend Developer
48cd6f20,Senior Backend Разработчик (Go + PHP),"go, php, sql, postgresql, redis, kafka, rabbitmq",От 3 до 6 лет,Высшее образование,Backend Developer
ead9aa1e,Senior специалист по информационной безопасности (IT Security),"postgresql, redis, docker, kubernetes, ci/cd, linux",От 1 года до 3 лет,Высшее образование,Cybersecurity Analyst
d80dc8b5,Старший архитектор решений по информационной безопасности,"python, java, spring, kafka, rabbitmq, docker, kubernetes, ci/cd",От 3 до 6 лет,Высшее образование,Cybersecurity Analyst
213dda75,DevOps Engineer,"postgresql, mongodb, kafka, docker, kubernetes, linux, ansible, terraform",От 1 года до 3 лет,Высшее образование,DevOps Engineer
fca3f577,DevOps-разработчик,"python, docker, kubernetes, ci/cd, linux, bash, ansible, terraform",От 1 года до 3 лет,Высшее образование,DevOps Engineer
8f3ae606,DevOps Engineer,"python, php, mysql, docker, ci/cd, linux, bash, ansible",От 3 до 6 лет,Студент,DevOps Engineer
86a48051,Senior DevOps engineer,"kubernetes, ci/cd, linux",От 3 до 6 лет,Среднее образование,DevOps Engineer
7f35febc,DevOps инженер (Middle / Senior),"sql, postgresql, redis, rabbitmq, docker, kubernetes, ci/cd, linux, ansible",От 3 до 6 лет,Студент,DevOps Engineer
8aca6cb7,Ведущий инженер (DevOps Engineer) сектор аутстаффинг,"python, docker, kubernetes, ci/cd, linux, bash, ansible, terraform",От 3 до 6 лет,Высшее образование,DevOps Engineer
b146523e,DevOps разработчик,"django, postgresql, redis, docker, git",От 1 года до 3 лет,Студент,DevOps Engineer
dcf7f910,DevOps / SysAdmin,"postgresql, docker, kubernetes, k8s, ci/cd, linux, bash, ansible, terraform",От 1 года до 3 лет,Студент,DevOps Engineer
210aa30e,Senior DevOps инженер / Направление моделирования и внутренней валидации,"postgresql, docker, kubernetes, k8s, ci/cd, ml, data science",От 1 года до 3 лет,Студент,DevOps Engineer
6fc83763,DevOps-инженер в Направление развития платформы и каналов коммуникаций,"python, go, kafka, rabbitmq, ci/cd, linux, bash",От 1 года до 3 лет,Высшее образование,DevOps Engineer
277bdc8d,Senior Python Backend Engineer,"python, fastapi, django, postgresql, redis, rabbitmq, docker, ci/cd, linux",От 3 до 6 лет,Студент,Backend Developer
3d72701e,Senior Java Backend Developer,"java, go, spring, postgresql, mongodb, redis, elasticsearch, kafka, docker, kubernetes, ci/cd, git",От 3 до 6 лет,Высшее образование,Backend Developer
ec0f5a20,Backend-разработчик,"php, sql, redis, docker, ci/cd, git",От 1 года до 3 лет,Студент,Backend Developer
2a84a099,.NET Developer (C#),".net, sql, postgresql, redis, kafka, rabbitmq, kubernetes, ci/cd",От 3 до 6 лет,Высшее образование,Backend Developer
036f3d01,1. QA Automation Engineer (Banking / Mobile / API),"python, java, sql, ci/cd, git",От 3 до 6 лет,Студент,QA Engineer
112daf64,Middle Golang разработчик,"go, golang, sql, postgresql, docker, kubernetes, ci/cd, git, linux",От 1 года до 3 лет,Среднее образование,Backend Developer
8a987657,Backend Tech Lead,"python, php, mysql, docker, ci/cd, git, bash",От 3 до 6 лет,Высшее образование,Backend Developer
2dbc53d2,DevOps Engineer,"python, sql, docker, kubernetes, ci/cd, bash, ansible, terraform",От 1 года до 3 лет,Высшее образование,DevOps Engineer
14276624,Java Backend Developer (middle+/senior),"java, spring, docker, k8s, ci/cd",От 3 до 6 лет,Высшее образование,Backend Developer
17372cae,C#/.NET Software Developer,"golang, sql, postgresql, docker, ci/cd",От 1 года до 3 лет,Среднее образование,Backend Developer
106e8a48,Backend разработчик (.NET) (Астана),"javascript, typescript, .net, postgresql, mongodb, redis, elasticsearch, kafka, docker, kubernetes, ci/cd, git, html, css",От 1 года до 3 лет,Высшее образование,Backend Developer
c7d71cf4,Middle React Native Developer,"javascript, typescript, react, ci/cd",От 3 до 6 лет,Высшее образование,Frontend Developer
ce7e8f30,Application Security Lead,ci/cd,Более 6 лет,Высшее образование,Cybersecurity Analyst
a603074d,DevOps,"docker, kubernetes, ci/cd",От 3 до 6 лет,Студент,DevOps Engineer
82c93b8e,DevOps - инженер,"python, java, go, postgresql, docker, kubernetes, ci/cd, linux, bash",От 3 до 6 лет,Высшее образование,DevOps Engineer
902d0301,DevOps инженер (Команда анализа данных),"python, sql, kubernetes, ci/cd, bash",От 3 до 6 лет,Среднее образование,DevOps Engineer
eba50abf,"Backend Developer (Python, Django)","python, fastapi, django, sql, postgresql, mongodb, redis, rabbitmq, docker, kubernetes, ci/cd",От 3 до 6 лет,Среднее образование,Backend Developer
5d71e84e,Middle DWH/SQL разработчик,"python, sql, postgresql, ci/cd, git",От 1 года до 3 лет,Высшее образование,Data Engineer
342305c9,"Senior Backend Developer (Java/Kotlin, Spring, Microservices)","java, spring, sql, postgresql, redis, kafka, docker, kubernetes, ci/cd",Более 6 лет,Студент,Mobile Developer
26b705fa,Senior AQA,"python, typescript, sql, docker, ci/cd",От 3 до 6 лет,Высшее образование,QA Engineer
dcffe1fd,Senior/Middle DevOps инженер,"python, kafka, docker, kubernetes, ci/cd, linux, bash, ansible, terraform, ml",От 3 до 6 лет,Высшее образование,DevOps Engineer
c2f68d2b,DevOPS администратор,"python, go, kubernetes, k8s, ci/cd, linux, bash, ansible",От 3 до 6 лет,Высшее образование,DevOps Engineer
e3a57bf4,DevOps-инженер,"python, postgresql, mongodb, redis, docker, kubernetes, ci/cd, git, linux, bash, ansible, terraform",От 3 до 6 лет,Высшее образование,DevOps Engineer
e0055a4e,Инженер по автоматизации (DevOps),"sql, postgresql, mongodb, redis, kubernetes, ci/cd, git, linux, bash, ansible",От 3 до 6 лет,Высшее образование,DevOps Engineer
71440f1b,DevOps-инженер,"docker, kubernetes, ci/cd, git, linux",Более 6 лет,Среднее образование,DevOps Engineer
7859f428,Middle DevOps Engineer,terraform,От 1 года до 3 лет,Студент,DevOps Engineer
3d0ac445,Frontend-разработчик,"javascript, typescript, react, cypress, jest",От 3 до 6 лет,Высшее образование,Frontend Developer
0ff9fdb3,Frontend-разработчик,"javascript, html, css, figma",От 1 года до 3 лет,Высшее образование,Frontend Developer
f997064a,Full-Stack Developer (Python / TypeScript),"python, typescript, react, fastapi, sql, postgresql, redis, kafka, docker, kubernetes, ci/cd, ml, tailwind",От 3 до 6 лет,Высшее образование,Full Stack Developer
43cb7a80,"Frontend middle программист/разработчик (Vue2,3)","javascript, vue, html, css",От 1 года до 3 лет,Высшее образование,Frontend Developer
5324370e,Back-end разработчик,"python, javascript, php, express, django, postgresql, mysql, mongodb, redis, rabbitmq, docker, ci/cd, git, linux, html, css",От 1 года до 3 лет,Высшее образование,Backend Developer
5cc70ba8,Senior Android-разработчик,"java, ci/cd, git",От 3 до 6 лет,Высшее образование,Mobile Developer
e283290f,Fullstack PHP-разработчик,"javascript, php, vue, nuxt, sql, mysql, redis, elasticsearch, git",От 1 года до 3 лет,Студент,Backend Developer
8e8a9194,Senior Java-разработчик,"java, spring, postgresql, mongodb, redis, kafka, docker, kubernetes, ci/cd, git",От 3 до 6 лет,Высшее образование,Backend Developer
350a60b8,"Frontend разработчик (Nuxt / Vue, TailwindCSS)","vue, nuxt, docker, figma",От 3 до 6 лет,Высшее образование,Frontend Developer
0d390b7e,Senior React-разработчик,"javascript, typescript, react, css",От 3 до 6 лет,Высшее образование,Frontend Developer
31e23b43,Application Security Engineer,"java, javascript, ci/cd",От 3 до 6 лет,Среднее образование,Cybersecurity Analyst
1be9a615,PHP Developer,"javascript, php, react, vue, postgresql, mysql, mongodb, elasticsearch, rabbitmq, docker, git",От 1 года до 3 лет,Среднее образование,Backend Developer
884a0016,Frontend Developer,"javascript, typescript, vue, git",От 1 года до 3 лет,Высшее образование,Frontend Developer
1b305e01,Frontend-разработчик (middle),"javascript, typescript, vue, css, sass",От 3 до 6 лет,Высшее образование,Frontend Developer
9026bd55,Middle Frontend разработчик (React),"typescript, react",От 1 года до 3 лет,Высшее образование,Frontend Developer
e6992e6d,Junior Frontend Developer Angular,"angular, jest",От 1 года до 3 лет,Высшее образование,Frontend Developer
7801a251,Frontend-разработчик Angular,"javascript, angular",От 3 до 6 лет,Высшее образование,Frontend Developer
b66c2943,Junior+ Frontend Developer (Angular),"javascript, typescript, angular, git, html, sass",От 1 года до 3 лет,Высшее образование,Frontend Developer
9d0c12ed,Frontend-разработчик (Senior) Freedom AI Labs,"javascript, typescript, react, docker, kubernetes, ci/cd, css, tailwind",От 3 до 6 лет,Студент,Frontend Developer
52deed2c,Backend-разработчик,"javascript, typescript, postgresql, redis, rabbitmq, git",От 1 года до 3 лет,Высшее образование,Backend Developer
4d3948c9,Backend-разработчик,"python, java, javascript, php, sql",От 1 года до 3 лет,Студент,Backend Developer
3be2ccca,Senior React Developer,"javascript, typescript, react, jest",От 3 до 6 лет,Среднее образование,Frontend Developer
4ab9d52d,Senior Python Developer,"python, react, fastapi, django, sql, postgresql, mongodb, redis, docker, ci/cd, linux",От 3 до 6 лет,Высшее образование,Backend Developer
57242da4,Ruby on Rails Middle Developer,"javascript, typescript, ruby, react, angular, sql, docker, html",От 1 года до 3 лет,Высшее образование,Backend Developer
8c5996ec,Системный администратор (Техническая поддержка),"docker, kubernetes, k8s, ci/cd, git, linux, cypress",Более 6 лет,Среднее образование,DevOps Engineer
0910a945,Веб-разработчик PHP,"javascript, php, postgresql, mysql, redis, elasticsearch, docker, ci/cd, git, linux",От 1 года до 3 лет,Студент,Backend Developer
5cb7f03d,UI/UX Designer (Fintech / Crypto / Web + Mobile),"figma, ui/ux",Более 6 лет,Высшее образование,Mobile Developer
2c684514,Frontend-разработчик,"javascript, typescript, react, ci/cd, ui/ux",От 1 года до 3 лет,Высшее образование,Frontend Developer
d2773972,Frontend-разработчик (верстка),"javascript, php, git, figma",От 1 года до 3 лет,Среднее образование,Frontend Developer
7fc23d4d,Front-End Developer,"javascript, typescript, react, vue, ci/cd, git, html, css, ui/ux",От 1 года до 3 лет,Высшее образование,Frontend Developer
27bd55fa,Middle Frontend Developer (Laravel + Vue),"javascript, vue, git, linux, figma",От 3 до 6 лет,Студент,Frontend Developer
dedb0b29,Разработчик Front-End в Проектный офис,"typescript, vue, nuxt, docker, git, css, tailwind",От 1 года до 3 лет,Высшее образование,Frontend Developer
312f4bf8,PHP-разработчик,"javascript, php, react, vue, mysql, redis, git, bash, html, css",От 3 до 6 лет,Высшее образование,Backend Developer
f7d3cf7a,Senior Typescript/Node JS разработчик,"javascript, typescript, react, express, postgresql, docker, html, css, tailwind",Более 6 лет,Высшее образование,Backend Developer
8623e240,Middle/Senior Full-Stack Developer (C# / JS),"javascript, .net, vue",От 1 года до 3 лет,Высшее образование,Full Stack Developer
85257437,Python Developer (Middle+/Senior),"python, fastapi, django, postgresql, mysql, redis, rabbitmq, docker",От 3 до 6 лет,Высшее образование,Backend Developer
0ec8007e,Senior Fullstack Developer (Java / React),"java, javascript, react, spring, postgresql, redis, docker, ci/cd, figma",От 3 до 6 лет,Высшее образование,Frontend Developer
c90adbc3,"Full stack разработчик веб приложений, сайтов и мобильных приложений","javascript, html, css",От 3 до 6 лет,Студент,Full Stack Developer
18d5cb8d,"Tech Lead / Lead JavaScript AR Developer (A‑Frame / Three.js, React, Next.js, Node.js, Go)","javascript, go, react, docker, ci/cd, git, html, css",От 1 года до 3 лет,Среднее образование,Frontend Developer
56747c9f,QA engineer (Middle/Team Lead),"python, javascript, sql, docker, ci/cd, git",От 3 до 6 лет,Среднее образование,QA Engineer
c2d730dc,Frontend разработчик (Middle),"javascript, typescript, react, ci/cd, html, css",От 3 до 6 лет,Студент,Frontend Developer
16c06153,Fullstack Javascript/Typescript Developer,"python, java, javascript, typescript, go, php, react, angular, vue, express, django, spring, postgresql, mysql, mongodb, redis, kafka, rabbitmq, docker, ci/cd, git, linux, ml",От 1 года до 3 лет,Высшее образование,Backend Developer
8fa77ea5,"Fullstack-разработчик (PostgreSQL, Java , Vue.js)","java, javascript, typescript, vue, spring, postgresql, css, sass, ui/ux",От 3 до 6 лет,Высшее образование,Frontend Developer
7d90b622,Frontend-разработчик,"javascript, typescript, react, ci/cd, git, css, figma, jest",От 1 года до 3 лет,Высшее образование,Frontend Developer
4a1612c5,Senior Python developer,"python, javascript, golang, react, vue, fastapi, django, sql, docker, ci/cd, git, data science, pandas",Более 6 лет,Высшее образование,Backend Developer
8d4d653f,Full-Stack Engineer (JavaScript/PHP),"javascript, php, sql, ci/cd",От 3 до 6 лет,Среднее образование,Full Stack Developer
94987bea,"Full-Stack developer | React, Next.js, Node.js, Python","python, javascript, react",От 3 до 6 лет,Высшее образование,Full Stack Developer
c09a460c,Frontend-разработчик,"javascript, typescript, react, docker, ci/cd, git, tailwind",От 1 года до 3 лет,Студент,Frontend Developer
134995ab,React Front-end Developer,"javascript, typescript, react, docker, sass, jest",От 3 до 6 лет,Студент,Frontend Developer
0c627304,Senior AQA,"python, typescript, sql, docker, ci/cd",От 3 до 6 лет,Студент,QA Engineer
94acd9d4,QA manual/Ручной тестировщик Алматы (офис),"sql, mysql, linux",От 3 до 6 лет,Высшее образование,QA Engineer
5374d41d,Программист PHP,php,От 1 года до 3 лет,Высшее образование,Backend Developer
16ec3e61,Senior / Lead Full-Stack Developer (Python/Django/FastAPI + Vue/PrimeVue),"python, javascript, react, vue, fastapi, django, postgresql, docker, ci/cd, linux",Более 6 лет,Среднее образование,Full Stack Developer
5e39257a,Преподаватель Python и Roblox в онлайн-школу программирования,python,От 1 года до 3 лет,Высшее образование,Backend Developer
fa5eb2be,Java Developer,"java, spring, sql, mongodb, kafka, rabbitmq, docker, kubernetes, ci/cd",От 3 до 6 лет,Студент,Backend Developer
e9b7f055,Разработчик php,"php, sql, mysql, redis, rabbitmq, docker, git, linux, sass",Более 6 лет,Среднее образование,Backend Developer
614facd8,Ведущий Full Stack Разработчик,"javascript, typescript, react, sql, kubernetes, git, linux",Более 6 лет,Студент,Full Stack Developer
1d667312,Frontend разработчик,"javascript, typescript, react, docker, kubernetes, ci/cd, git, sass",От 3 до 6 лет,Высшее образование,Frontend Developer
bd0bf177,Backend-разработчик,"javascript, php, vue, nuxt, mysql, redis, docker, ci/cd, git",От 3 до 6 лет,Высшее образование,Backend Developer
359839b3,"Senior backend-разработчик (Python, PHP)","python, php, fastapi, sql, mysql",От 3 до 6 лет,Высшее образование,Backend Developer
62b3c4b9,Senior Kotlin/Java Developer (Backend),"java, spring, sql, postgresql, redis, kafka, docker, kubernetes, ci/cd",От 3 до 6 лет,Студент,Mobile Developer
777808ad,Senior Backend-разработчик в команду Бэкофис,"python, go, fastapi, postgresql, redis, kafka",Более 6 лет,Высшее образование,Backend Developer
7c8b597f,Backend-разработчик (язык GO),"go, postgresql, redis, kafka, rabbitmq, docker, kubernetes, ci/cd",Более 6 лет,Высшее образование,Backend Developer
9004cbc0,Программист Node.js + Flutter,"javascript, express, mongodb, redis, docker, ci/cd, git",От 1 года до 3 лет,Высшее образование,Mobile Developer
2792e9d3,C#/. NET-разработчик,".net, angular, sql, postgresql, git",От 3 до 6 лет,Среднее образование,Backend Developer
acba0318,QA AI specialist,"python, sql, docker, ci/cd, git, ml",От 1 года до 3 лет,Среднее образование,QA Engineer
6edc40e7,Senior Java-разработчик,"java, spring, postgresql, mongodb, redis, kafka, docker, kubernetes, ci/cd, git",От 3 до 6 лет,Высшее образование,Backend Developer
8e41bfa0,Senior/Flutter-разработчик,"fastapi, postgresql, redis, ci/cd",Более 6 лет,Высшее образование,Mobile Developer
888a7709,Flutter-разработчик (Mobile) / GeOnline,"ci/cd, git",От 1 года до 3 лет,Высшее образование,Mobile Developer
497bd563,MLOps/DevOps Specialist,"python, docker, kubernetes, ci/cd, linux, bash, ansible, terraform, ml, data science",От 1 года до 3 лет,Студент,Data Scientist
73ffc81c,QA manual,"sql, ci/cd, git, linux, ui/ux",От 1 года до 3 лет,Среднее образование,QA Engineer
91d13411,Android-разработчик (Middle/Senior),"java, ci/cd, git",От 3 до 6 лет,Высшее образование,Mobile Developer
f9a687d2,Senior Golang Developer (Adtech),"go, golang, sql, postgresql, mongodb, elasticsearch, rabbitmq, docker, kubernetes, ci/cd",От 3 до 6 лет,Высшее образование,Backend Developer
3b6b5ddb,Backend-разработчик Python (junior +),"python, django",От 1 года до 3 лет,Среднее образование,Backend Developer
1091cb1d,Python-разработчик,"python, django, postgresql, redis, kafka, kubernetes",От 1 года до 3 лет,Среднее образование,Backend Developer
6fbfcd84,Middle/Middle+ PHP Developer,"go, php, postgresql, mysql, kafka, rabbitmq, docker, ci/cd, git, ansible",От 3 до 6 лет,Среднее образование,Backend Developer
ca1d87e4,Senior Go (Golang) Developer,"python, go, golang, sql, kafka, rabbitmq, docker, kubernetes, ci/cd",Более 6 лет,Высшее образование,Backend Developer
8de73514,Senior AI / ML Engineer (Applied AI Systems Lead),"python, fastapi, sql, docker, kubernetes, ml, pandas",От 3 до 6 лет,Высшее образование,Data Scientist
e4e51d81,Разработчик PHP / Старший разработчик PHP/ Ведущий разработчик PHP (ДЦКЗ),"php, ci/cd",От 3 до 6 лет,Высшее образование,Backend Developer
ab4389a0,C#/.NET-разработчик,sql,От 3 до 6 лет,Высшее образование,Backend Developer
85f7d2f7,Middle Android Developer,"ci/cd, git",От 1 года до 3 лет,Высшее образование,Mobile Developer
f2ef0322,Backend разработчик,"python, go, postgresql",От 3 до 6 лет,Студент,Backend Developer
fb567707,Middle Backend Developer,"php, sql, postgresql, redis, rabbitmq, ci/cd",От 3 до 6 лет,Высшее образование,Backend Developer
7bcf9e62,Backend Developer (Senior),"php, postgresql, mysql, redis",От 3 до 6 лет,Студент,Backend Developer
c481876b,Backend Go Developer,"go, golang, postgresql, redis, kafka, rabbitmq, docker, kubernetes, ci/cd, git",От 3 до 6 лет,Студент,Backend Developer
2e1e73d4,Backend GO Developer,"go, golang, postgresql, ci/cd, git, linux",От 1 года до 3 лет,Студент,Backend Developer
ea4c3cd5,"Ведущий Backend разработчик (Java, Go)","java, go, spring, sql, redis, kafka, kubernetes",От 3 до 6 лет,Высшее образование,Backend Developer
59bd3546,Backend Developer (Go) + Python (Senior),"python, go, postgresql, redis, kafka, docker, kubernetes, ci/cd",От 3 до 6 лет,Высшее образование,Backend Developer
95c41a6a,"Разработчик Backend Python, Django","python, django, postgresql, docker",От 3 до 6 лет,Студент,Backend Developer
dd4049a7,Senior Backend Developer (Go),"javascript, go, mysql, mongodb, kubernetes",От 3 до 6 лет,Высшее образование,Backend Developer
f01186a4,Middle Backend Разработчик (C#),"javascript, react, sql, postgresql",От 1 года до 3 лет,Высшее образование,Backend Developer
ef994a72,Backend-разработчик Senoir Java,"java, spring, sql, postgresql, redis, kafka, rabbitmq, ci/cd",От 3 до 6 лет,Высшее образование,Backend Developer
f401c7e1,Backend разработчик (middle-senior),"python, java, go, spring, sql, postgresql, kafka, rabbitmq, docker, kubernetes, git",От 3 до 6 лет,Высшее образование,Backend Developer
b0748c9f,Python Developer,"python, go, sql, docker, kubernetes, ci/cd",От 3 до 6 лет,Высшее образование,Backend Developer
ba7765b5,Системный администратор,"java, spring, git",Без опыта,Среднее образование,DevOps Engineer
0abc54c7,DevOps Engineer,"docker, ci/cd, linux",От 1 года до 3 лет,Студент,DevOps Engineer
7b404fef,Старший Java-разработчик / Senior Java Spring Developer,"java, spring, sql, elasticsearch, kafka, rabbitmq, docker, kubernetes, ci/cd, ml, pytorch, tensorflow",От 1 года до 3 лет,Среднее образование,Backend Developer
e06c014b,Fullstack разработчик (Java/Kotlin + Angular),"java, typescript, react, angular, spring, postgresql, redis, docker, kubernetes",От 3 до 6 лет,Высшее образование,Mobile Developer
e2e30d67,Senior IOS разработчик,"sql, ci/cd, ui/ux",От 3 до 6 лет,Высшее образование,Mobile Developer
cb33b961,Senior ML Engineer (LLM / RAG),"python, fastapi, sql, elasticsearch, docker, ci/cd, ml",От 3 до 6 лет,Студент,Data Scientist
34751d2a,Golang-Developer (Senior),"python, go, golang, mysql, kafka, rabbitmq, docker, kubernetes, ci/cd",Более 6 лет,Высшее образование,Backend Developer
0a485e2b,Senior Golang Developer,"go, golang, redis, kafka, docker, kubernetes, ci/cd, git",От 3 до 6 лет,Высшее образование,Backend Developer
ef276c6c,Backend-разработчик,"golang, sql, postgresql, mysql, kafka, rabbitmq, docker, kubernetes, ci/cd",От 3 до 6 лет,Среднее образование,Backend Developer
e42e7e6a,Backend-разработчик (Java),"java, spring, sql, kafka, rabbitmq, docker, kubernetes, ci/cd",От 1 года до 3 лет,Среднее образование,Backend Developer
13b951b5,Middle PHP Backend-разработчик Krisha.kz,"go, php, mysql, mongodb, redis, docker, kubernetes, ci/cd, git, linux",От 3 до 6 лет,Студент,Backend Developer
a63a1dce,"Java Backend Engineer / Solution Architect (AI-first, Fintech)","java, sql",От 1 года до 3 лет,Среднее образование,Backend Developer
0009046c,Senior Backend Engineer (Laravel / Event-Driven / High Load),"php, mysql, redis, kafka, docker",От 3 до 6 лет,Студент,Backend Developer
c6ac9d7b,Middle QA Engineer,"python, sql, postgresql, ci/cd",От 1 года до 3 лет,Среднее образование,QA Engineer
dc906ead,Senior специалист по информационной безопасности (IT Security),"postgresql, redis, docker, kubernetes, ci/cd, linux",Более 6 лет,Студент,Cybersecurity Analyst
8e7d634e,Python-разработчик,"python, fastapi, django, sql, mongodb, redis, docker, git",От 1 года до 3 лет,Студент,Backend Developer
32db56f5,Middle Android разработчик,"ci/cd, git",От 1 года до 3 лет,Студент,Mobile Developer
2b2fa54e,Android Developer,"ci/cd, git",От 3 до 6 лет,Студент,Mobile Developer
c3eace1e,Backend-разработчик,"php, sql, redis, docker, ci/cd, git",От 1 года до 3 лет,Среднее образование,Backend Developer
687df5a9,Backend Tech Lead,"python, php, mysql, docker, ci/cd, git, bash",От 3 до 6 лет,Высшее образование,Backend Developer
a1364f44,Junior Backend-разработчик (PHP),"php, sql, mysql, git",От 1 года до 3 лет,Высшее образование,Backend Developer
10a04e4b,Senior Python Backend Engineer,"python, fastapi, django, postgresql, redis, rabbitmq, docker, ci/cd, linux",От 3 до 6 лет,Студент,Backend Developer
16dc532e,Middle Java Backend Developer,"java, go, spring, mongodb, kafka, kubernetes, ci/cd",От 1 года до 3 лет,Высшее образование,Backend Developer
4a5f7931,Senior Java Backend Developer,"java, go, spring, postgresql, mongodb, redis, elasticsearch, kafka, docker, kubernetes, ci/cd, git",От 3 до 6 лет,Высшее образование,Backend Developer
94cc6b82,Middle Python Backend Developer,"python, fastapi, django, postgresql, redis, rabbitmq, git",От 1 года до 3 лет,Высшее образование,Backend Developer
9fa40df4,Middle Fullstack / Backend Developer (AI-Native Architect),"python, javascript, postgresql, redis, docker, ci/cd",От 3 до 6 лет,Высшее образование,Backend Developer
efd64e97,Backend Tech lead Python GO,"python, go, fastapi, django, postgresql, mongodb, redis, kafka, rabbitmq, docker, kubernetes, ci/cd, git, terraform",Более 6 лет,Высшее образование,Backend Developer
015470f0,Backend Java Developer \ Бэкенд-разработчик на Java,"java, golang, spring, sql, postgresql, mysql, mongodb, elasticsearch, kafka, rabbitmq, kubernetes, linux",От 1 года до 3 лет,Высшее образование,Backend Developer
008df3c8,Backend Golang Developer \ Бэкенд-разработчик на Go (Golang),"java, go, golang, spring, sql, postgresql, mysql, mongodb, elasticsearch, kafka, rabbitmq, docker, kubernetes, linux",От 1 года до 3 лет,Среднее образование,Backend Developer
d5e6e0dc,Mobile Developer (Kotlin / Android),"ci/cd, git, figma, ui/ux",От 3 до 6 лет,Высшее образование,Mobile Developer
be518ed8,Middle Full-Stack Developer Web Platform,"javascript, typescript, react, vue, express, postgresql, mongodb, docker, ci/cd, git",От 3 до 6 лет,Высшее образование,Full Stack Developer
e85ea4af,QA инженер Middle/Middle+,"python, sql, postgresql, ci/cd",От 3 до 6 лет,Студент,QA Engineer
deda2f27,Программист Mobile Developer,"javascript, react, ci/cd, git",От 1 года до 3 лет,Среднее образование,Mobile Developer
ba15692d,Программист (backend-разработчик) в госорганизацию,"java, sql",Без опыта,Высшее образование,Backend Developer
a63b2d21,Java Backend Developer (middle+/senior),"java, spring, docker, k8s, ci/cd",От 3 до 6 лет,Высшее образование,Backend Developer
0912b48b,Senior .NET Developer (Backend),".net, sql, postgresql, mongodb, redis, kafka, rabbitmq, docker, kubernetes, ci/cd",От 3 до 6 лет,Высшее образование,Backend Developer
accaa33b,Backend разработчик (.NET) (Астана),"javascript, typescript, .net, postgresql, mongodb, redis, elasticsearch, kafka, docker, kubernetes, ci/cd, git, html, css",От 1 года до 3 лет,Высшее образование,Backend Developer
a1fb14aa,Android-разработчик во Freedom Business (middle/middle+),ci/cd,От 3 до 6 лет,Высшее образование,Mobile Developer
d1346752,Senior Backend Developer (PHP),"php, sql, postgresql, mysql, redis, elasticsearch, kafka, docker, git",От 3 до 6 лет,Высшее образование,Backend Developer
eb983926,"Backend Developer (Python, Django)","python, fastapi, django, sql, postgresql, mongodb, redis, rabbitmq, docker, kubernetes, ci/cd",От 3 до 6 лет,Среднее образование,Backend Developer
3572bd61,Senior Fullstack-разработчик (Go + React Native),"java, go, golang, react, sql, postgresql, redis, kafka, rabbitmq, docker, ci/cd, tailwind, jest",От 3 до 6 лет,Среднее образование,Frontend Developer
c8bd6867,React Front-end Developer,"javascript, typescript, react, docker, sass, jest",От 3 до 6 лет,Среднее образование,Frontend Developer
9ea9443b,Frontend-разработчик,"javascript, typescript, react, docker, ci/cd, git, tailwind",От 1 года до 3 лет,Высшее образование,Frontend Developer
0b016b05,Tech Lead / System Architect (Golang| Distributed Systems & IoT),"go, golang, postgresql, ci/cd, linux",От 3 до 6 лет,Высшее образование,Backend Developer
4438c9a7,Java разработчик (middle+\senior),"java, spring, postgresql, redis, elasticsearch, kafka, rabbitmq, git",От 1 года до 3 лет,Высшее образование,Backend Developer
6eda940b,Разработчик php,"php, sql, mysql, redis, rabbitmq, docker, git, linux, sass",Без опыта,Студент,Backend Developer
202e298a,QA Automation Engineer (Kotlin\Java),"java, ci/cd, git",От 1 года до 3 лет,Среднее образование,QA Engineer
743af493,Java Developer in Almaty,"java, spring, sql, postgresql, mysql, redis, kafka, rabbitmq, docker, kubernetes, ci/cd, git, linux",От 1 года до 3 лет,Высшее образование,Backend Developer
7829b291,Kotlin Developer,"java, spring, sql, postgresql, redis, kafka, docker, kubernetes, ci/cd, git",От 3 до 6 лет,Студент,Mobile Developer
